ID,Lapse,NumOfReinstated,NumOfClaims,NumOfEmails,NumOfCalls,DaysOfInforce,PO_Age,PO_Sex,PO_Married,PO_Occupation,PO_Email,PO_Phone,INS_Age,INS_Sex,SumInsured ,Premium,CoveragePeriod,Products,NumOfRidders,PaymentTerm,DistributionChannel,Agent,AgentYearSVR,AgentVisitPO,AgentCallPO
1,1,0,3,2,1,,43,female,1,1,,1,43,female,,"16,884.92",2,,,2,1,,1,,
2,0,0,5,1,1,,28,female,0,2,,0,18,male,,"1,725.55",1,,,2,2,,3,,
3,0,0,0,1,1,,56,male,0,1,,1,56,male,,"4,449.46",3,,,1,4,,2,,
4,0,1,0,3,1,,33,male,0,3,,1,33,male,,"21,984.47",1,,,3,1,,2,,
5,1,0,0,0,1,,32,male,1,1,,0,32,male,,"3,866.86",1,,,4,3,,1,,
6,0,1,0,0,0,,29,male,1,2,,0,31,female,,"3,756.62",1,,,4,1,,2,,
7,0,1,0,1,0,,46,female,1,4,,1,46,female,,"8,240.59",3,,,4,2,,2,,
8,0,0,0,0,0,,38,male,1,3,,1,37,female,,"7,281.51",3,,,2,2,,2,,
9,0,0,0,1,0,,29,female,0,2,,0,37,male,,"6,406.41",1,,,4,2,,2,,
10,0,0,0,1,0,,44,female,0,1,,0,60,female,,"28,923.14",2,,,3,4,,3,,
11,0,0,0,0,0,,54,female,0,3,,0,25,male,,"2,721.32",2,,,3,2,,1,,
12,1,0,2,2,0,,33,male,1,2,,1,62,female,,"27,808.73",1,,,4,1,,2,,
13,1,0,0,1,0,,33,female,0,3,,0,33,male,,"1,826.84",2,,,4,4,,1,,
14,0,0,1,1,0,,48,male,1,1,,1,56,female,,"11,090.72",2,,,2,3,,1,,
15,1,0,0,1,1,,45,female,0,3,,1,27,male,,"39,611.76",3,,,4,2,,1,,
16,0,1,1,3,0,,33,female,1,1,,1,19,male,,"1,837.24",2,,,2,1,,1,,
17,0,0,0,3,2,,35,female,1,1,,0,52,female,,"10,797.34",3,,,1,2,,2,,
18,1,2,0,1,1,,55,male,1,3,,1,55,male,,"2,395.17",1,,,4,2,,2,,
19,0,0,0,3,1,,36,male,1,1,,0,56,male,,"10,602.39",2,,,4,2,,1,,
20,1,3,0,1,0,,42,male,1,2,,1,30,male,,"36,837.47",1,,,4,2,,3,,
21,0,0,0,1,1,,60,female,1,4,,0,60,female,,"13,228.85",3,,,2,1,,1,,
22,0,0,0,1,0,,32,female,0,3,,1,32,female,,"4,149.74",2,,,2,2,,2,,
23,0,0,2,1,2,,30,male,1,3,,1,18,male,,"1,137.01",1,,,2,1,,2,,
24,1,0,0,0,0,,32,male,0,2,,0,34,female,,"37,701.88",2,,,2,1,,2,,
25,1,1,0,0,1,,46,male,0,2,,1,37,male,,"6,203.90",2,,,2,4,,1,,
26,0,0,0,1,0,,30,male,1,1,,1,59,female,,"14,001.13",3,,,3,2,,1,,
27,0,1,0,1,1,,49,female,1,4,,1,63,female,,"14,451.84",3,,,4,2,,3,,
28,0,1,1,1,1,,29,male,0,1,,0,55,female,,"12,268.63",2,,,2,1,,3,,
29,0,0,2,1,1,,44,male,1,1,,0,44,male,,"2,775.19",3,,,4,1,,1,,
30,1,2,0,1,0,,52,female,1,1,,1,31,male,,"38,711.00",2,,,2,2,,2,,
31,1,0,0,1,0,,49,male,1,3,,0,22,male,,"35,585.58",1,,,4,4,,2,,
32,0,0,0,0,0,,36,female,0,1,,0,18,female,,"2,198.19",2,,,3,3,,2,,
33,0,0,0,1,1,,58,male,1,3,,1,19,female,,"4,687.80",1,,,4,4,,2,,
34,0,0,0,0,1,,39,female,1,1,,1,63,male,,"13,770.10",3,,,4,3,,3,,
35,1,0,0,1,0,,53,male,1,1,,0,28,male,,"51,194.56",3,,,3,1,,1,,
36,0,2,0,1,0,,46,female,0,2,,1,19,male,,"1,625.43",2,,,2,1,,2,,
37,0,0,0,1,0,,45,female,1,4,,0,62,female,,"15,612.19",3,,,4,3,,2,,
38,0,0,0,0,1,,29,female,0,2,,0,26,male,,"2,302.30",1,,,4,1,,2,,
39,1,1,1,1,1,,34,male,1,2,,1,35,male,,"39,774.28",1,,,3,2,,1,,
40,1,0,0,1,0,,57,male,1,1,,0,60,male,,"48,173.36",2,,,4,1,,3,,
41,1,0,1,1,0,,33,male,0,2,,1,33,female,,"3,046.06",2,,,2,1,,3,,
42,0,0,0,3,1,,47,male,1,4,,0,31,female,,"4,949.76",2,,,4,1,,2,,
43,0,0,0,0,1,,40,male,1,1,,0,41,male,,"6,272.48",3,,,2,1,,1,,
44,1,2,0,1,1,,33,female,1,1,,1,37,female,,"6,313.76",2,,,2,1,,2,,
45,0,0,0,2,0,,31,female,0,2,,0,38,male,,"6,079.67",1,,,1,1,,3,,
46,0,0,0,1,0,,54,male,1,2,,1,55,male,,"20,630.28",2,,,2,3,,1,,
47,1,0,0,1,1,,52,female,1,2,,1,18,female,,"3,393.36",3,,,2,1,,2,,
48,0,1,2,1,0,,38,female,0,1,,0,38,female,,"3,556.92",1,,,2,1,,1,,
49,0,0,2,1,4,,48,male,1,4,,1,60,female,,"12,629.90",2,,,1,2,,2,,
50,1,0,0,1,0,,34,male,1,2,,0,36,male,,"38,709.18",2,,,1,1,,1,,
51,0,0,0,1,0,,37,male,0,2,,0,18,female,,"2,211.13",2,,,2,3,,2,,
52,0,0,2,3,3,,49,female,1,3,,0,21,female,,"3,579.83",2,,,3,2,,2,,
53,1,1,0,4,2,,47,female,1,4,,1,48,male,,"23,568.27",3,,,4,1,,2,,
54,1,1,0,3,0,,28,male,1,3,,1,36,male,,"37,742.58",2,,,4,2,,1,,
55,1,2,0,1,1,,41,male,1,3,,0,40,female,,"8,059.68",3,,,1,1,,3,,
56,1,0,1,1,1,,51,female,1,3,,0,58,male,,"47,496.49",2,,,3,1,,2,,
57,1,0,0,1,0,,48,male,1,2,,1,58,female,,"13,607.37",3,,,2,1,,1,,
58,1,1,0,2,2,,36,female,1,3,,0,18,male,,"34,303.17",2,,,3,1,,1,,
59,1,0,3,1,1,,51,female,1,2,,1,53,female,,"23,244.79",2,,,4,1,,1,,
60,0,0,0,1,1,,51,male,0,3,,1,34,female,,"5,989.52",3,,,2,1,,2,,
61,0,0,0,1,1,,40,male,0,2,,1,43,male,,"8,606.22",1,,,1,4,,1,,
62,0,1,3,2,2,,56,female,1,1,,1,25,male,,"4,504.66",2,,,4,1,,2,,
63,1,2,0,1,0,,42,female,1,2,,1,64,male,,"30,166.62",2,,,1,3,,3,,
64,0,1,1,1,1,,38,male,1,1,,1,28,female,,"4,133.64",3,,,2,1,,2,,
65,1,5,0,3,2,,57,female,1,3,,1,20,female,,"14,711.74",3,,,3,2,,3,,
66,1,3,1,2,1,,51,female,1,2,,0,19,female,,"1,743.21",2,,,4,1,,3,,
67,0,0,0,1,0,,48,female,1,3,,0,61,female,,"14,235.07",1,,,1,2,,1,,
68,0,1,4,1,3,,39,male,1,1,,0,40,male,,"6,389.38",2,,,3,5,,2,,
69,0,0,0,1,1,,32,male,1,4,,0,40,female,,"5,920.10",2,,,4,1,,3,,
70,1,3,0,0,1,,41,male,0,1,,1,41,male,,"17,663.14",3,,,2,1,,2,,
71,1,0,2,2,2,,52,female,1,1,,1,27,female,,"16,577.78",1,,,3,2,,1,,
72,1,0,3,1,0,,31,male,0,2,,0,31,male,,"6,799.46",2,,,1,1,,2,,
73,0,0,0,1,0,,33,male,0,4,,0,53,female,,"11,741.73",2,,,4,3,,2,,
74,0,3,0,3,1,,33,male,0,1,,1,58,male,,"11,946.63",3,,,3,3,,3,,
75,0,2,0,2,2,,44,male,0,3,,0,44,male,,"7,726.85",3,,,4,2,,1,,
76,0,0,0,1,0,,57,male,1,2,,1,57,male,,"11,356.66",2,,,3,2,,1,,
77,0,0,0,1,1,,34,female,1,3,,0,29,female,,"3,947.41",3,,,2,2,,2,,
78,0,0,0,1,0,,55,male,1,4,,0,21,male,,"1,532.47",2,,,4,5,,3,,
79,0,1,0,1,1,,56,female,1,1,,0,22,female,,"2,755.02",3,,,3,2,,2,,
80,0,0,0,0,0,,37,female,1,3,,0,41,female,,"6,571.02",1,,,1,3,,3,,
81,0,0,0,1,1,,30,male,0,3,,1,31,male,,"4,441.21",3,,,2,2,,3,,
82,1,0,2,1,0,,48,female,0,2,,0,45,female,,"7,935.29",3,,,3,1,,2,,
83,1,0,0,0,1,,55,male,0,2,,1,22,male,,"37,165.16",3,,,1,3,,1,,
84,0,0,0,2,1,,52,female,1,3,,1,48,female,,"11,033.66",2,,,4,1,,2,,
85,1,4,0,2,3,,53,female,0,2,,1,37,female,,"39,836.52",2,,,2,1,,3,,
86,1,2,0,2,1,,42,female,0,2,,1,45,male,,"21,098.55",3,,,2,2,,1,,
87,1,2,0,1,0,,39,male,1,1,,0,39,female,,"43,578.94",1,,,1,5,,2,,
88,0,0,0,0,0,,48,male,1,2,,0,56,female,,"11,073.18",2,,,3,3,,3,,
89,0,0,0,0,0,,53,male,0,3,,0,46,female,,"8,026.67",3,,,3,4,,2,,
90,0,0,0,1,1,,48,female,1,1,,1,55,female,,"11,082.58",2,,,1,4,,1,,
91,0,3,0,3,1,,33,male,1,3,,1,21,female,,"2,026.97",2,,,3,1,,3,,
92,0,0,0,1,1,,42,female,0,4,,1,53,female,,"10,942.13",3,,,2,2,,1,,
93,1,0,2,2,2,,36,male,1,3,,0,59,male,,"30,184.94",2,,,1,1,,2,,
94,0,0,2,1,1,,37,female,1,2,,1,35,male,,"5,729.01",2,,,3,1,,1,,
95,1,2,0,1,2,,47,female,0,3,,0,64,female,,"47,291.06",3,,,3,4,,1,,
96,0,0,0,1,0,,37,female,0,1,,1,28,female,,"3,766.88",2,,,3,3,,1,,
97,0,0,0,1,1,,40,male,0,3,,0,54,female,,"12,105.32",1,,,3,3,,1,,
98,0,3,0,1,3,,36,male,0,1,,1,55,male,,"10,226.28",2,,,4,1,,3,,
99,1,0,0,0,1,,42,male,0,3,,0,56,male,,"22,412.65",3,,,2,1,,2,,
100,1,2,0,1,1,,32,female,0,2,,1,38,male,,"15,820.70",2,,,1,1,,2,,
101,0,2,1,1,2,,42,female,1,3,,1,41,female,,"6,186.13",3,,,2,2,,2,,
102,0,0,0,1,1,,46,female,1,2,,0,30,male,,"3,645.09",2,,,2,1,,1,,
103,0,2,0,2,2,,48,female,1,4,,1,18,female,,"21,344.85",3,,,2,1,,3,,
104,1,0,0,0,0,,39,male,1,4,,1,61,female,,"30,942.19",3,,,1,1,,1,,
105,0,0,4,3,2,,50,male,0,4,,1,34,female,,"5,003.85",1,,,4,1,,3,,
106,1,0,1,2,1,,35,female,0,1,,1,20,male,,"17,560.38",3,,,3,2,,2,,
107,0,0,2,1,1,,32,male,0,3,,0,19,female,,"2,331.52",3,,,2,2,,2,,
108,0,0,0,0,1,,43,male,0,2,,0,26,male,,"3,877.30",1,,,2,1,,3,,
109,0,0,0,2,0,,44,female,1,4,,1,29,male,,"2,867.12",2,,,2,2,,1,,
110,1,0,2,0,2,,50,female,1,3,,1,63,male,,"47,055.53",3,,,4,3,,2,,
111,0,0,0,0,0,,29,female,1,4,,1,54,male,,"10,825.25",2,,,2,4,,1,,
112,0,0,0,1,0,,52,female,1,4,,1,55,female,,"11,881.36",2,,,2,1,,1,,
113,1,1,1,1,0,,30,female,0,2,,0,37,male,,"4,646.76",2,,,4,1,,2,,
114,0,0,0,1,1,,57,male,1,2,,1,21,female,,"2,404.73",2,,,1,4,,2,,
115,0,0,0,0,1,,44,female,1,3,,0,52,male,,"11,488.32",2,,,4,1,,1,,
116,0,0,0,1,1,,56,female,0,2,,0,60,male,,"30,260.00",1,,,2,1,,1,,
117,0,0,1,1,1,,49,male,0,2,,0,58,male,,"11,381.33",2,,,1,1,,2,,
118,1,0,0,1,0,,37,female,1,2,,0,29,female,,"19,107.78",2,,,2,1,,2,,
119,0,0,0,1,0,,59,male,0,2,,1,49,female,,"8,601.33",3,,,2,1,,1,,
120,0,0,2,1,0,,46,male,1,2,,1,37,female,,"6,686.43",3,,,2,1,,3,,
121,0,0,0,1,0,,41,female,0,3,,1,44,male,,"7,740.34",2,,,1,1,,2,,
122,1,0,3,2,1,,36,male,1,3,,0,18,male,,"1,705.62",1,,,2,2,,1,,
123,1,2,2,1,0,,40,female,0,3,,1,20,female,,"2,257.48",1,,,4,1,,2,,
124,1,3,0,3,2,,44,male,1,1,,1,44,male,,"39,556.49",1,,,2,1,,3,,
125,0,0,0,0,0,,49,female,0,4,,0,47,female,,"10,115.01",3,,,2,2,,2,,
126,0,1,0,1,2,,41,female,1,4,,0,26,female,,"3,385.40",3,,,2,1,,1,,
127,1,0,2,1,3,,50,male,1,1,,1,19,female,,"17,081.08",3,,,3,1,,1,,
128,0,0,2,2,5,,37,female,1,2,,0,52,female,,"9,634.54",1,,,2,2,,3,,
129,1,2,0,1,1,,52,male,0,4,,1,32,female,,"32,734.19",2,,,4,1,,3,,
130,0,0,2,2,4,,48,female,0,2,,0,38,male,,"6,082.41",2,,,2,1,,3,,
131,1,1,2,1,0,,39,female,0,2,,1,39,female,,"12,815.44",3,,,2,1,,3,,
132,0,0,2,2,1,,53,female,1,2,,1,61,female,,"13,616.36",2,,,4,1,,2,,
133,1,1,2,1,1,,31,male,1,4,,0,53,female,,"11,163.57",2,,,4,3,,3,,
134,0,0,1,2,5,,42,male,1,3,,1,19,male,,"1,632.56",2,,,4,2,,2,,
135,0,2,2,3,2,,53,female,1,1,,1,20,female,,"2,457.21",3,,,2,1,,1,,
136,0,0,0,3,2,,40,female,0,3,,0,22,female,,"2,155.68",1,,,4,1,,3,,
137,1,0,0,1,1,,55,male,1,4,,0,19,male,,"1,261.44",2,,,4,2,,2,,
138,1,2,0,1,1,,56,male,1,4,,1,22,male,,"2,045.69",2,,,2,1,,1,,
139,0,0,0,1,1,,37,female,0,3,,1,54,female,,"27,322.73",2,,,4,1,,1,,
140,0,0,0,0,1,,50,male,1,1,,1,22,female,,"2,166.73",3,,,3,1,,1,,
141,0,1,0,1,1,,55,female,1,2,,1,34,male,,"27,375.90",2,,,4,2,,2,,
142,0,0,0,0,1,,33,female,1,1,,1,26,male,,"3,490.55",3,,,4,2,,1,,
143,1,1,0,1,1,,52,male,1,2,,1,34,male,,"18,972.50",3,,,2,1,,1,,
144,0,0,1,0,0,,39,male,0,1,,0,29,male,,"18,157.88",1,,,2,1,,2,,
145,1,0,0,0,2,,30,male,1,3,,1,30,male,,"20,745.99",2,,,2,2,,3,,
146,0,0,0,1,1,,54,male,1,2,,1,29,female,,"5,138.26",3,,,1,2,,1,,
147,1,0,0,1,0,,37,male,1,3,,1,46,male,,"40,720.55",3,,,1,5,,2,,
148,0,1,0,1,1,,42,male,1,1,,1,51,female,,"9,877.61",2,,,3,1,,1,,
149,0,0,0,0,0,,47,female,1,1,,0,53,female,,"10,959.69",2,,,1,2,,2,,
150,0,0,1,1,1,,59,male,1,3,,1,19,male,,"1,842.52",1,,,4,2,,2,,
151,0,0,5,2,3,,55,female,0,2,,1,35,male,,"5,125.22",3,,,3,2,,1,,
152,0,0,0,0,1,,35,male,1,2,,1,48,male,,"7,789.64",1,,,4,4,,2,,
153,0,1,0,1,1,,37,female,1,3,,1,32,female,,"6,334.34",1,,,2,1,,3,,
154,1,1,1,3,1,,33,male,1,1,,1,42,female,,"19,964.75",3,,,4,2,,3,,
155,0,0,0,0,1,,46,male,0,1,,1,40,female,,"7,077.19",1,,,4,2,,3,,
156,0,0,4,1,4,,31,male,0,2,,1,44,male,,"6,948.70",2,,,2,2,,3,,
157,1,0,0,1,0,,45,female,1,2,,1,48,male,,"21,223.68",1,,,4,3,,2,,
158,1,0,0,1,0,,43,female,1,4,,1,18,male,,"15,518.18",2,,,1,1,,3,,
159,1,0,0,1,0,,39,female,1,1,,1,30,male,,"36,950.26",2,,,2,1,,3,,
160,0,1,0,1,1,,40,male,0,1,,1,50,female,,"19,749.38",2,,,1,4,,2,,
161,1,0,0,1,1,,53,female,1,1,,1,42,female,,"21,348.71",3,,,4,3,,2,,
162,1,2,3,1,1,,32,female,0,1,,1,18,female,,"36,149.48",2,,,3,4,,2,,
163,0,0,0,1,0,,52,female,1,2,,0,54,male,,"10,450.55",2,,,4,1,,3,,
164,0,0,0,0,0,,49,female,0,3,,1,32,female,,"5,152.13",2,,,2,2,,3,,
165,0,0,2,1,2,,52,female,0,3,,0,37,male,,"5,028.15",3,,,2,2,,1,,
166,0,0,0,1,0,,32,male,0,2,,0,47,male,,"10,407.09",2,,,4,1,,3,,
167,1,0,2,1,1,,41,female,1,3,,1,41,female,,"4,830.63",3,,,2,1,,2,,
168,1,0,0,0,0,,32,male,1,2,,1,32,male,,"6,128.80",1,,,1,3,,2,,
169,0,2,0,2,5,,47,female,1,3,,1,19,female,,"2,719.28",1,,,4,1,,3,,
170,0,0,0,1,0,,30,male,1,3,,1,27,male,,"4,827.90",3,,,4,1,,3,,
171,0,3,5,3,5,,54,male,0,1,,1,63,male,,"13,405.39",3,,,2,1,,2,,
172,0,3,5,3,3,,53,male,1,1,,1,49,male,,"8,116.68",2,,,4,1,,1,,
173,0,0,0,1,0,,37,male,1,2,,0,18,male,,"1,694.80",3,,,3,1,,2,,
174,0,0,0,1,1,,47,male,1,3,,0,35,female,,"5,246.05",1,,,1,2,,3,,
175,0,1,0,0,1,,31,male,1,2,,0,24,female,,"2,855.44",3,,,1,2,,2,,
176,1,0,2,2,2,,36,female,1,1,,1,63,female,,"48,824.45",3,,,4,1,,3,,
177,0,0,0,1,0,,39,male,0,2,,0,38,male,,"6,455.86",2,,,2,2,,2,,
178,0,1,0,1,1,,44,male,1,2,,1,54,male,,"10,436.10",3,,,4,2,,1,,
179,0,0,0,1,1,,48,female,1,4,,1,46,female,,"8,823.28",1,,,4,3,,1,,
180,0,0,0,1,1,,47,female,0,4,,1,41,female,,"8,538.29",3,,,3,3,,1,,
181,0,0,2,1,0,,56,female,1,2,,1,58,male,,"11,735.88",3,,,3,1,,2,,
182,1,0,0,1,0,,53,male,1,1,,1,18,female,,"1,631.82",2,,,2,1,,3,,
183,0,0,0,2,0,,34,female,1,1,,0,22,male,,"4,005.42",2,,,2,1,,2,,
184,0,0,0,1,1,,51,male,0,3,,0,44,female,,"7,419.48",3,,,1,4,,3,,
185,0,2,0,1,3,,56,female,1,4,,1,44,male,,"7,731.43",1,,,2,3,,3,,
186,1,0,0,1,1,,48,female,0,3,,1,36,male,,"43,753.34",1,,,4,2,,1,,
187,0,0,0,0,1,,37,male,1,4,,0,26,female,,"3,981.98",2,,,2,2,,2,,
188,0,0,0,1,0,,58,male,1,2,,1,30,female,,"5,325.65",3,,,1,2,,2,,
189,0,1,2,3,2,,39,female,1,4,,1,41,female,,"6,775.96",3,,,4,1,,3,,
190,0,0,0,0,1,,33,male,1,1,,1,29,female,,"4,922.92",3,,,4,1,,3,,
191,0,3,1,2,3,,31,female,0,4,,1,61,male,,"12,557.61",2,,,3,2,,2,,
192,0,2,0,3,2,,40,female,1,2,,1,36,female,,"4,883.87",2,,,2,5,,1,,
193,0,0,0,1,0,,45,male,0,3,,1,25,male,,"2,137.65",1,,,3,1,,1,,
194,0,0,3,1,2,,48,male,0,1,,1,56,female,,"12,044.34",1,,,4,1,,3,,
195,0,0,0,1,1,,44,male,0,4,,1,18,male,,"1,137.47",2,,,4,4,,1,,
196,0,0,2,1,1,,49,male,0,2,,0,19,male,,"1,639.56",3,,,3,2,,1,,
197,0,0,0,1,0,,45,male,1,1,,0,39,female,,"5,649.72",1,,,3,1,,3,,
198,0,0,0,1,0,,43,female,0,4,,0,45,female,,"8,516.83",1,,,4,2,,2,,
199,1,1,0,1,3,,39,male,0,3,,1,51,female,,"9,644.25",3,,,2,1,,2,,
200,0,2,0,1,0,,57,female,0,3,,0,64,female,,"14,901.52",3,,,3,1,,1,,
201,0,0,0,1,1,,56,male,0,3,,1,19,female,,"2,130.68",1,,,4,4,,3,,
202,0,0,0,0,1,,37,male,0,1,,1,48,female,,"8,871.15",2,,,3,3,,2,,
203,0,0,0,1,0,,47,male,1,1,,1,60,female,,"13,012.21",3,,,3,3,,3,,
204,1,0,3,2,1,,56,female,1,1,,1,27,female,,"37,133.90",3,,,3,3,,1,,
205,0,0,0,0,1,,33,male,1,2,,1,46,male,,"7,147.11",1,,,4,2,,2,,
206,0,2,1,2,2,,46,female,1,4,,1,28,female,,"4,337.74",3,,,3,3,,1,,
207,0,0,1,2,1,,53,male,1,1,,1,59,male,,"11,743.30",3,,,1,4,,1,,
208,1,0,1,2,1,,41,male,1,3,,1,35,male,,"20,984.09",3,,,2,5,,1,,
209,0,0,0,1,0,,35,female,0,2,,1,63,female,,"13,880.95",3,,,1,1,,2,,
210,0,2,0,2,1,,44,male,1,2,,0,40,male,,"6,610.11",3,,,3,4,,3,,
211,0,2,2,2,2,,56,female,0,4,,1,20,male,,"1,980.07",2,,,1,2,,2,,
212,0,0,0,1,0,,43,female,1,1,,1,40,male,,"8,162.72",3,,,3,3,,3,,
213,0,0,0,1,1,,44,male,0,1,,1,44,male,,"3,537.70",1,,,2,1,,2,,
214,0,0,0,1,0,,50,female,1,1,,0,34,female,,"5,002.78",3,,,1,2,,2,,
215,0,0,0,1,1,,46,male,1,2,,1,45,female,,"8,520.03",1,,,4,5,,3,,
216,0,0,0,0,0,,56,male,0,3,,0,41,female,,"7,371.77",3,,,3,5,,3,,
217,0,0,0,0,0,,41,female,1,1,,0,53,female,,"10,355.64",2,,,4,1,,3,,
218,0,1,0,1,3,,44,male,1,1,,1,27,male,,"2,483.74",3,,,2,5,,3,,
219,0,0,0,0,0,,47,female,1,3,,1,26,female,,"3,392.98",1,,,2,3,,1,,
220,0,0,3,3,3,,30,female,1,1,,1,24,female,,"25,081.77",2,,,2,3,,2,,
221,0,0,3,2,3,,28,male,1,1,,0,34,female,,"5,012.47",3,,,2,2,,2,,
222,0,2,0,2,2,,44,male,1,3,,1,53,female,,"10,564.88",1,,,4,3,,1,,
223,0,0,0,0,1,,47,male,1,3,,1,32,male,,"5,253.52",2,,,1,1,,2,,
224,1,0,0,1,0,,58,female,1,3,,1,19,male,,"34,779.62",3,,,4,1,,1,,
225,1,0,0,1,0,,59,female,0,2,,1,42,male,,"19,515.54",3,,,3,2,,1,,
226,0,1,0,2,2,,54,male,0,3,,0,55,male,,"11,987.17",2,,,1,1,,1,,
227,0,4,1,1,4,,31,female,0,2,,1,28,male,,"2,689.50",2,,,3,1,,1,,
228,0,3,3,3,4,,53,male,0,1,,1,58,female,,"24,227.34",1,,,2,1,,2,,
229,0,1,0,1,2,,47,male,1,3,,1,41,female,,"7,358.18",3,,,3,1,,1,,
230,0,5,0,2,3,,39,male,0,4,,0,39,male,,"9,225.26",3,,,3,2,,2,,
231,0,0,0,1,1,,30,male,0,2,,0,42,female,,"7,443.64",2,,,4,3,,2,,
232,0,0,1,1,2,,50,male,1,3,,1,59,female,,"14,001.29",1,,,3,2,,1,,
233,0,2,0,1,1,,29,female,1,2,,1,19,female,,"1,727.79",1,,,2,2,,3,,
234,1,0,0,1,2,,33,male,0,3,,1,59,male,,"12,333.83",1,,,3,1,,3,,
235,1,2,0,0,1,,48,male,0,1,,0,39,male,,"6,710.19",2,,,1,1,,3,,
236,1,2,0,2,1,,37,female,0,4,,0,40,female,,"19,444.27",2,,,1,2,,2,,
237,0,2,0,3,2,,39,female,0,3,,1,18,female,,"1,615.77",3,,,3,1,,2,,
238,0,0,2,2,5,,40,male,1,3,,1,40,male,,"4,463.21",2,,,4,1,,2,,
239,1,1,0,1,1,,33,male,1,1,,0,33,male,,"17,352.68",3,,,2,3,,1,,
240,1,0,1,1,1,,56,male,1,1,,1,44,male,,"7,152.67",2,,,2,1,,2,,
241,1,0,0,1,0,,48,female,1,1,,1,48,female,,"38,511.63",2,,,2,1,,2,,
242,0,0,2,3,2,,31,female,0,2,,0,31,female,,"5,354.07",3,,,3,1,,3,,
243,0,0,0,0,0,,53,male,1,1,,0,55,female,,"35,160.13",2,,,2,1,,3,,
244,0,3,0,3,2,,38,female,1,1,,1,40,male,,"7,196.87",3,,,2,2,,1,,
245,1,0,0,1,0,,45,male,1,3,,0,63,female,,"29,523.17",1,,,4,1,,1,,
246,0,3,0,3,2,,44,male,0,1,,1,54,male,,"24,476.48",1,,,4,4,,3,,
247,0,0,0,1,0,,32,male,1,4,,1,60,female,,"12,648.70",1,,,2,1,,2,,
248,0,0,0,1,1,,58,female,0,3,,1,24,male,,"1,986.93",1,,,1,3,,2,,
249,0,0,0,0,0,,55,female,0,2,,0,19,male,,"1,832.09",2,,,2,1,,3,,
250,0,0,0,1,1,,56,male,0,1,,1,29,male,,"4,040.56",1,,,2,3,,3,,
251,1,1,2,1,1,,30,male,0,2,,1,18,male,,"12,829.46",3,,,2,1,,2,,
252,1,0,0,1,1,,59,female,1,2,,1,63,female,,"47,305.31",3,,,4,4,,2,,
253,1,0,0,1,1,,32,female,1,2,,1,54,male,,"44,260.75",2,,,2,2,,3,,
254,0,0,1,1,1,,34,male,1,3,,1,27,male,,"4,260.74",2,,,2,1,,1,,
255,1,1,0,3,2,,49,female,1,2,,1,50,male,,"41,097.16",2,,,4,2,,2,,
256,0,0,0,1,0,,29,female,0,3,,1,55,female,,"13,047.33",2,,,2,2,,1,,
257,1,1,0,1,1,,35,female,1,1,,1,56,male,,"43,921.18",3,,,1,4,,2,,
258,0,0,1,1,2,,50,male,0,1,,1,38,female,,"5,400.98",3,,,3,4,,2,,
259,0,0,0,1,1,,46,female,1,3,,0,51,male,,"11,520.10",1,,,1,3,,3,,
260,1,0,0,1,0,,53,male,0,1,,1,19,male,,"33,750.29",2,,,4,1,,3,,
261,0,2,1,2,1,,33,female,1,2,,1,58,female,,"11,837.16",1,,,2,3,,1,,
262,1,5,0,3,2,,46,female,0,4,,1,20,female,,"17,085.27",2,,,2,1,,3,,
263,1,1,0,1,1,,44,female,0,3,,0,52,male,,"24,869.84",2,,,4,2,,1,,
264,1,0,0,0,1,,50,female,0,3,,0,19,male,,"36,219.41",1,,,3,1,,2,,
265,0,0,0,1,0,,42,male,0,3,,0,53,female,,"20,463.00",1,,,4,2,,3,,
266,1,3,0,3,1,,49,male,0,1,,1,46,male,,"46,151.12",2,,,4,4,,1,,
267,1,0,2,1,3,,29,male,1,2,,0,40,male,,"17,179.52",3,,,2,1,,1,,
268,0,0,0,1,0,,29,female,0,1,,1,59,female,,"14,590.63",1,,,3,2,,1,,
269,0,0,0,1,0,,34,female,1,1,,0,45,male,,"7,441.05",3,,,4,4,,1,,
270,0,0,0,1,1,,58,female,1,3,,0,49,male,,"9,282.48",3,,,3,1,,3,,
271,1,3,0,2,3,,40,male,1,3,,0,18,male,,"1,719.44",2,,,2,1,,2,,
272,1,0,2,1,0,,38,male,0,2,,0,50,male,,"42,856.84",3,,,4,2,,1,,
273,1,2,0,0,2,,31,male,0,1,,1,41,male,,"7,265.70",2,,,4,2,,1,,
274,0,0,0,0,1,,35,female,1,2,,1,50,male,,"9,617.66",2,,,2,2,,3,,
275,0,0,0,1,1,,54,female,0,1,,1,25,male,,"2,523.17",1,,,2,1,,2,,
276,0,2,1,1,3,,42,male,0,1,,1,47,female,,"9,715.84",3,,,2,1,,1,,
277,0,3,0,1,3,,56,female,1,1,,1,19,male,,"2,803.70",2,,,3,1,,1,,
278,0,0,1,2,0,,48,male,1,1,,1,22,female,,"2,150.47",2,,,4,2,,2,,
279,0,1,0,1,1,,54,female,0,3,,1,59,male,,"12,928.79",3,,,4,1,,2,,
280,0,0,0,1,0,,36,female,1,1,,1,51,female,,"9,855.13",1,,,2,2,,1,,
281,1,0,0,3,3,,58,male,0,3,,1,40,female,,"22,331.57",1,,,1,2,,2,,
282,1,0,1,1,0,,47,female,1,3,,1,54,male,,"48,549.18",2,,,4,2,,1,,
283,1,2,0,2,4,,35,male,1,1,,1,30,male,,"4,237.13",2,,,3,3,,2,,
284,0,0,1,2,1,,37,female,1,2,,0,55,female,,"11,879.10",2,,,1,3,,2,,
285,0,0,0,1,2,,48,female,1,3,,1,52,female,,"9,625.92",2,,,2,1,,2,,
286,0,0,0,0,0,,39,male,1,1,,1,46,male,,"7,742.11",1,,,1,1,,1,,
287,0,2,0,3,3,,57,male,0,3,,0,46,female,,"9,432.93",2,,,3,5,,2,,
288,0,0,0,0,0,,55,male,1,3,,1,63,female,,"14,256.19",2,,,3,1,,1,,
289,1,1,0,3,3,,42,male,0,1,,1,59,female,,"47,896.79",3,,,1,2,,1,,
290,0,1,0,1,1,,38,male,0,1,,1,52,male,,"25,992.82",3,,,1,1,,1,,
291,0,1,0,4,3,,30,male,1,2,,1,28,female,,"3,172.02",2,,,3,5,,1,,
292,0,0,2,3,3,,45,female,1,2,,0,29,male,,"20,277.81",1,,,4,1,,1,,
293,1,1,0,2,1,,55,female,0,2,,1,25,male,,"42,112.24",2,,,2,4,,2,,
294,1,0,3,3,5,,48,male,0,2,,1,22,female,,"2,156.75",3,,,1,1,,3,,
295,0,2,0,1,3,,33,female,1,2,,0,25,male,,"3,906.13",3,,,4,1,,2,,
296,0,0,2,2,4,,45,male,1,2,,1,18,male,,"1,704.57",1,,,1,1,,3,,
297,1,4,0,3,1,,46,female,1,2,,1,19,male,,"16,297.85",2,,,2,1,,3,,
298,1,0,0,1,0,,50,female,1,4,,1,47,male,,"21,978.68",3,,,3,3,,2,,
299,1,0,0,0,1,,44,male,1,4,,1,31,male,,"38,746.36",2,,,1,1,,1,,
300,1,0,2,1,0,,38,female,0,1,,1,48,female,,"9,249.50",2,,,4,3,,1,,
301,0,1,0,1,1,,31,female,1,3,,1,36,male,,"6,746.74",1,,,1,2,,3,,
302,1,0,0,1,1,,45,male,1,3,,1,53,female,,"24,873.38",2,,,4,1,,1,,
303,0,0,0,1,1,,52,male,1,3,,0,56,female,,"12,265.51",1,,,4,2,,1,,
304,1,0,0,2,0,,36,female,0,3,,0,28,female,,"4,349.46",3,,,4,5,,2,,
305,0,0,0,1,1,,49,female,1,3,,1,57,female,,"12,646.21",1,,,3,4,,1,,
306,0,1,0,0,1,,56,male,1,2,,1,29,male,,"19,442.35",2,,,4,3,,2,,
307,0,0,0,1,1,,45,female,0,1,,1,28,female,,"20,177.67",2,,,3,3,,2,,
308,0,1,3,1,1,,58,female,1,2,,1,30,female,,"4,151.03",3,,,2,2,,1,,
309,0,0,0,1,0,,40,female,1,1,,1,58,male,,"11,944.59",3,,,2,2,,3,,
310,1,0,4,2,1,,41,female,1,2,,0,41,female,,"7,749.16",2,,,1,2,,3,,
311,0,2,0,3,0,,39,male,1,1,,1,50,male,,"8,444.47",3,,,1,1,,2,,
312,0,2,0,3,1,,54,female,1,2,,0,19,female,,"1,737.38",2,,,2,4,,1,,
313,1,0,0,0,2,,42,female,0,2,,0,52,male,,"42,124.52",1,,,2,3,,3,,
314,0,0,0,1,1,,44,male,1,3,,1,49,male,,"8,124.41",2,,,3,1,,3,,
315,1,0,0,1,0,,55,male,1,3,,1,27,female,,"34,838.87",1,,,2,2,,2,,
316,0,0,2,1,0,,46,male,0,2,,1,52,male,,"9,722.77",3,,,4,4,,2,,
317,0,2,0,3,1,,53,female,1,3,,1,50,male,,"8,835.26",1,,,1,3,,1,,
318,0,0,0,1,1,,49,female,1,3,,1,54,male,,"10,435.07",3,,,4,1,,1,,
319,0,0,0,1,2,,40,female,0,2,,1,44,female,,"7,421.19",1,,,4,1,,3,,
320,0,1,0,1,1,,53,male,0,2,,1,32,male,,"4,667.61",3,,,4,2,,2,,
321,0,0,2,2,2,,41,male,0,1,,1,34,male,,"4,894.75",2,,,1,3,,3,,
322,0,1,0,2,1,,30,female,0,3,,1,26,female,,"24,671.66",3,,,4,3,,2,,
323,1,1,0,1,1,,34,male,1,3,,0,34,male,,"35,491.64",3,,,3,1,,3,,
324,0,0,0,1,0,,43,male,1,1,,1,57,male,,"11,566.30",3,,,1,2,,2,,
325,0,0,0,0,1,,31,female,0,2,,0,29,male,,"2,866.09",2,,,4,2,,2,,
326,0,1,0,1,4,,31,female,1,2,,1,40,male,,"6,600.21",2,,,1,1,,3,,
327,0,0,0,1,0,,45,male,1,2,,1,27,female,,"3,561.89",2,,,4,1,,2,,
328,1,1,0,1,1,,37,female,1,4,,0,45,male,,"42,760.50",3,,,2,2,,1,,
329,1,0,3,1,1,,39,female,1,1,,1,64,female,,"47,928.03",2,,,4,4,,2,,
330,0,0,0,0,0,,28,female,1,1,,1,52,male,,"9,144.57",2,,,2,2,,3,,
331,1,0,0,0,1,,45,male,0,4,,1,61,female,,"48,517.56",3,,,4,4,,3,,
332,1,1,0,1,1,,59,female,1,1,,1,52,male,,"24,393.62",2,,,2,2,,1,,
333,0,0,1,1,0,,50,male,1,2,,1,61,female,,"13,429.04",2,,,3,3,,2,,
334,0,0,0,1,1,,43,male,0,4,,1,56,female,,"11,658.38",1,,,2,2,,2,,
335,0,0,0,1,1,,55,female,0,2,,0,43,female,,"19,144.58",1,,,4,1,,2,,
336,0,0,2,2,1,,56,male,0,4,,1,64,male,,"13,822.80",1,,,2,2,,2,,
337,0,0,0,0,2,,42,male,1,4,,1,60,male,,"12,142.58",1,,,2,1,,3,,
338,0,1,0,1,1,,54,female,1,2,,0,62,male,,"13,937.67",2,,,4,3,,2,,
339,1,0,4,2,3,,30,female,0,4,,1,50,male,,"41,919.10",3,,,3,5,,3,,
340,0,0,0,1,3,,35,male,0,3,,1,46,female,,"8,232.64",1,,,1,5,,3,,
341,0,0,0,0,1,,47,female,1,4,,0,24,female,,"18,955.22",2,,,3,4,,2,,
342,0,2,0,2,2,,49,female,0,1,,0,62,male,,"13,352.10",3,,,4,1,,2,,
343,0,0,0,1,3,,48,male,0,1,,1,60,female,,"13,217.09",1,,,4,4,,1,,
344,0,3,1,3,2,,56,male,0,2,,1,63,male,,"13,981.85",3,,,3,2,,3,,
345,0,0,0,3,0,,57,male,1,3,,0,49,female,,"10,977.21",1,,,4,2,,3,,
346,0,0,1,1,4,,48,male,0,4,,1,34,female,,"6,184.30",3,,,4,4,,2,,
347,0,0,2,1,2,,32,male,1,3,,1,33,male,,"4,890.00",1,,,3,1,,1,,
348,0,0,0,1,3,,29,female,0,4,,0,46,male,,"8,334.46",3,,,1,2,,3,,
349,0,0,0,1,1,,49,female,1,2,,0,36,female,,"5,478.04",2,,,2,3,,3,,
350,0,0,0,1,0,,38,female,1,2,,1,19,male,,"1,635.73",2,,,1,1,,2,,
351,0,0,0,1,0,,44,female,0,2,,0,57,female,,"11,830.61",1,,,3,1,,3,,
352,0,0,0,1,0,,50,female,0,2,,1,50,female,,"8,932.08",3,,,4,2,,1,,
353,1,3,2,0,1,,29,female,1,2,,1,29,female,,"3,554.20",2,,,1,2,,2,,
354,0,3,0,3,3,,42,female,0,2,,1,33,male,,"12,404.88",2,,,1,3,,3,,
355,0,3,0,0,1,,33,female,0,1,,0,33,female,,"14,133.04",1,,,3,1,,2,,
356,1,0,0,0,1,,40,male,1,2,,1,46,male,,"24,603.05",1,,,1,2,,1,,
357,0,0,0,1,0,,28,female,0,2,,1,46,male,,"8,944.12",1,,,1,2,,1,,
358,0,1,1,1,1,,46,male,1,3,,1,47,male,,"9,620.33",3,,,4,2,,2,,
359,0,0,0,1,0,,56,male,1,2,,0,23,male,,"1,837.28",3,,,3,2,,2,,
360,0,1,0,1,2,,43,male,1,2,,1,18,female,,"1,607.51",2,,,2,3,,2,,
361,0,0,4,3,2,,46,female,0,2,,1,48,female,,"10,043.25",1,,,2,2,,2,,
362,0,0,2,1,2,,46,female,1,3,,1,35,male,,"4,751.07",2,,,4,1,,3,,
363,1,5,1,3,1,,34,female,0,2,,0,19,female,,"13,844.51",2,,,4,2,,2,,
364,0,0,0,1,0,,32,female,1,3,,0,21,female,,"2,597.78",3,,,3,2,,1,,
365,0,0,0,0,1,,39,male,0,3,,1,21,female,,"3,180.51",3,,,1,1,,2,,
366,0,0,0,1,1,,43,female,0,3,,1,49,female,,"9,778.35",3,,,2,1,,2,,
367,1,0,0,2,0,,33,male,1,1,,1,56,female,,"13,430.27",1,,,3,2,,2,,
368,0,0,0,1,0,,52,male,0,2,,1,42,female,,"8,017.06",2,,,1,1,,2,,
369,0,0,4,3,2,,53,male,0,3,,0,44,male,,"8,116.27",3,,,2,1,,3,,
370,0,1,0,1,0,,52,female,0,4,,0,18,male,,"3,481.87",3,,,2,4,,1,,
371,0,4,0,3,3,,36,male,0,2,,1,61,female,,"13,415.04",1,,,3,1,,3,,
372,0,0,2,1,2,,35,female,0,1,,1,57,female,,"12,029.29",2,,,4,1,,3,,
373,1,1,0,0,1,,38,male,1,1,,1,42,female,,"7,639.42",2,,,2,2,,3,,
374,1,0,0,1,0,,46,female,1,2,,0,26,male,,"36,085.22",3,,,3,1,,3,,
375,0,1,0,1,0,,47,female,0,2,,1,20,male,,"1,391.53",3,,,3,3,,2,,
376,1,0,1,1,1,,42,female,0,2,,0,23,female,,"18,033.97",1,,,4,1,,1,,
377,1,3,0,3,2,,29,male,1,1,,1,39,female,,"21,659.93",3,,,3,1,,2,,
378,1,0,0,0,1,,30,female,0,3,,1,24,male,,"38,126.25",2,,,4,1,,2,,
379,0,2,5,5,3,,58,male,0,3,,1,64,female,,"16,455.71",3,,,2,1,,1,,
380,0,1,0,3,1,,39,male,1,2,,1,62,male,,"27,000.98",3,,,4,2,,2,,
381,1,3,0,0,0,,36,female,0,2,,0,27,female,,"15,006.58",2,,,2,1,,2,,
382,1,1,0,1,1,,48,male,1,3,,1,55,male,,"42,303.69",1,,,4,1,,1,,
383,0,0,0,0,0,,32,female,1,2,,1,55,male,,"20,781.49",3,,,4,2,,2,,
384,0,0,3,1,1,,55,male,0,4,,0,35,female,,"5,846.92",2,,,3,1,,1,,
385,0,1,0,2,3,,47,female,0,1,,0,44,male,,"8,302.54",3,,,2,1,,2,,
386,1,0,0,1,1,,50,female,0,2,,1,19,male,,"1,261.86",1,,,2,3,,1,,
387,1,3,0,1,1,,34,female,1,4,,1,34,female,,"11,856.41",1,,,2,5,,1,,
388,1,0,0,1,1,,34,female,1,1,,1,50,male,,"30,284.64",3,,,2,2,,1,,
389,1,0,0,0,0,,37,male,0,3,,0,26,female,,"3,176.82",1,,,2,2,,2,,
390,0,0,0,1,0,,34,female,1,1,,1,24,female,,"4,618.08",1,,,4,2,,2,,
391,0,1,0,2,1,,47,male,0,3,,1,48,male,,"10,736.87",3,,,2,3,,1,,
392,0,3,1,5,1,,49,male,1,3,,1,19,female,,"2,138.07",1,,,1,2,,3,,
393,1,2,0,1,0,,38,female,1,1,,0,38,male,,"8,964.06",2,,,2,1,,3,,
394,0,0,0,0,1,,53,female,0,2,,1,49,male,,"9,290.14",2,,,4,1,,1,,
395,0,0,0,1,1,,40,male,0,1,,1,46,female,,"9,411.01",1,,,2,3,,1,,
396,0,0,0,1,0,,53,female,0,3,,1,46,male,,"7,526.71",1,,,3,2,,3,,
397,0,1,0,1,1,,47,male,1,1,,1,43,female,,"8,522.00",3,,,4,3,,1,,
398,1,0,1,2,0,,49,male,1,2,,1,21,male,,"16,586.50",2,,,3,1,,2,,
399,1,1,4,1,1,,48,male,0,1,,1,64,male,,"14,988.43",2,,,4,1,,1,,
400,0,1,0,3,2,,47,male,1,2,,1,18,female,,"1,631.67",2,,,2,1,,3,,
401,0,2,2,3,2,,58,male,0,1,,1,51,female,,"9,264.80",1,,,2,2,,3,,
402,0,2,0,5,2,,34,female,0,3,,1,47,male,,"8,083.92",3,,,2,1,,2,,
403,0,1,0,3,1,,29,male,1,4,,1,64,female,,"14,692.67",1,,,4,1,,1,,
404,1,0,0,0,0,,28,male,0,3,,1,49,male,,"10,269.46",2,,,4,1,,3,,
405,0,0,0,1,2,,52,male,1,3,,1,31,male,,"3,260.20",2,,,3,1,,2,,
406,1,0,0,0,1,,29,male,1,2,,1,52,female,,"11,396.90",2,,,4,4,,2,,
407,0,0,0,0,1,,55,male,0,2,,1,33,female,,"4,185.10",1,,,2,4,,2,,
408,0,0,0,0,0,,44,female,1,2,,1,47,female,,"8,539.67",3,,,2,2,,2,,
409,1,0,0,1,0,,38,male,1,3,,1,38,male,,"6,652.53",3,,,2,2,,1,,
410,0,0,0,1,0,,41,male,1,4,,1,32,male,,"4,074.45",3,,,2,4,,2,,
411,0,1,1,1,2,,57,male,0,1,,1,19,male,,"1,621.34",2,,,1,1,,1,,
412,1,0,0,0,0,,30,female,0,4,,1,44,female,,"19,594.81",3,,,2,1,,1,,
413,1,0,4,1,4,,45,male,1,2,,1,26,female,,"14,455.64",2,,,2,4,,1,,
414,0,0,0,1,1,,30,female,1,4,,1,25,male,,"5,080.10",3,,,3,2,,2,,
415,0,0,0,1,0,,51,female,1,3,,1,19,female,,"2,134.90",2,,,2,2,,2,,
416,0,0,0,1,0,,53,female,0,4,,1,43,female,,"7,345.73",3,,,4,2,,1,,
417,1,3,0,3,0,,35,female,1,1,,1,35,male,,"9,140.95",2,,,4,1,,1,,
418,1,4,0,1,1,,29,female,1,1,,0,36,female,,"18,608.26",3,,,4,4,,2,,
419,0,3,0,0,0,,31,female,1,1,,1,64,male,,"14,418.28",2,,,4,1,,3,,
420,1,0,3,1,2,,43,female,0,1,,1,63,female,,"28,950.47",2,,,3,3,,1,,
421,1,0,0,1,1,,32,male,1,1,,1,64,male,,"46,889.26",3,,,2,1,,1,,
422,1,0,0,3,0,,56,female,1,2,,1,61,male,,"46,599.11",3,,,4,3,,2,,
423,1,0,0,1,1,,33,male,0,1,,0,40,male,,"39,125.33",1,,,2,4,,2,,
424,0,0,0,1,0,,30,male,1,1,,1,25,male,,"2,727.40",1,,,3,1,,3,,
425,0,0,1,3,1,,48,male,0,4,,1,48,male,,"8,968.33",1,,,2,4,,1,,
426,0,1,0,3,2,,44,male,0,3,,1,45,male,,"9,788.87",1,,,2,2,,2,,
427,0,0,0,1,0,,34,male,1,3,,1,38,female,,"6,555.07",3,,,2,2,,1,,
428,1,3,0,3,2,,51,female,0,4,,1,51,female,,"7,323.73",3,,,2,1,,3,,
429,1,0,0,1,0,,37,male,0,2,,1,21,female,,"3,167.46",3,,,2,2,,2,,
430,0,0,0,1,0,,39,male,1,2,,1,27,female,,"18,804.75",2,,,1,1,,2,,
431,0,0,1,1,2,,38,male,0,3,,0,19,male,,"23,082.96",1,,,4,3,,1,,
432,1,0,0,0,0,,33,female,1,1,,1,29,female,,"4,906.41",1,,,2,1,,1,,
433,1,4,0,5,3,,51,male,0,4,,1,42,male,,"5,969.72",1,,,4,1,,1,,
434,0,0,0,1,1,,46,female,1,4,,0,60,female,,"12,638.20",2,,,3,4,,2,,
435,0,1,0,1,1,,38,male,0,2,,1,31,male,,"4,243.59",2,,,2,3,,3,,
436,0,0,0,1,1,,43,male,1,3,,1,60,male,,"13,919.82",2,,,2,2,,2,,
437,0,0,0,1,0,,41,female,1,2,,1,22,male,,"2,254.80",3,,,2,1,,2,,
438,0,0,0,1,1,,29,female,1,4,,1,35,male,,"5,926.85",2,,,3,2,,1,,
439,0,0,0,1,1,,50,male,0,3,,1,52,female,,"12,592.53",3,,,2,3,,1,,
440,0,0,0,1,1,,29,male,0,4,,1,26,male,,"2,897.32",3,,,2,1,,2,,
441,0,4,0,3,2,,52,male,0,2,,1,31,female,,"4,738.27",3,,,3,4,,1,,
442,1,0,0,2,1,,31,female,1,2,,1,33,female,,"37,079.37",2,,,2,4,,1,,
443,0,3,0,3,1,,33,male,1,4,,1,18,male,,"1,149.40",2,,,2,2,,2,,
444,0,4,1,3,4,,48,male,1,4,,0,59,female,,"28,287.90",3,,,3,2,,1,,
445,1,0,0,0,1,,43,male,0,2,,1,56,male,,"26,109.33",3,,,2,1,,1,,
446,0,0,0,1,1,,59,female,1,3,,0,45,female,,"7,345.08",2,,,1,5,,2,,
447,1,1,4,1,5,,31,female,0,2,,1,60,male,,"12,731.00",2,,,4,3,,1,,
448,0,0,0,1,0,,34,female,1,3,,0,56,female,,"11,454.02",3,,,4,2,,1,,
449,0,0,0,1,1,,35,female,0,1,,1,40,female,,"5,910.94",3,,,2,3,,3,,
450,1,0,0,1,0,,39,male,1,1,,1,35,male,,"4,762.33",3,,,4,2,,1,,
451,1,1,1,2,0,,50,male,1,3,,1,39,male,,"7,512.27",3,,,4,4,,2,,
452,0,0,5,2,4,,51,male,0,4,,0,30,male,,"4,032.24",1,,,3,2,,3,,
453,0,0,0,1,1,,50,female,1,3,,1,24,male,,"1,969.61",1,,,4,3,,2,,
454,1,3,0,3,1,,30,male,1,2,,1,20,male,,"1,769.53",2,,,2,4,,3,,
455,0,0,0,0,0,,53,male,1,2,,1,32,male,,"4,686.39",2,,,1,1,,3,,
456,0,0,0,1,1,,33,male,1,4,,0,59,male,,"21,797.00",3,,,4,3,,1,,
457,0,0,0,1,0,,56,male,0,3,,1,55,female,,"11,881.97",3,,,1,1,,3,,
458,0,0,0,1,1,,36,female,1,4,,0,57,female,,"11,840.78",3,,,1,3,,3,,
459,0,4,1,5,3,,48,male,1,2,,1,56,male,,"10,601.41",3,,,3,3,,2,,
460,0,0,0,1,0,,42,female,1,3,,1,40,female,,"7,682.67",2,,,2,2,,1,,
461,0,0,0,0,2,,43,male,1,2,,0,49,female,,"10,381.48",3,,,3,2,,3,,
462,1,0,0,1,0,,33,female,0,4,,1,42,male,,"22,144.03",2,,,2,2,,3,,
463,0,0,0,1,0,,46,male,0,3,,1,62,female,,"15,230.32",2,,,4,2,,2,,
464,1,0,0,1,0,,53,male,1,3,,1,53,male,,"11,165.42",2,,,4,1,,1,,
465,0,0,3,1,3,,35,male,1,1,,1,19,male,,"1,632.04",2,,,3,1,,1,,
466,1,0,1,0,2,,43,male,0,2,,0,30,female,,"19,521.97",2,,,4,2,,2,,
467,0,0,0,1,0,,55,male,1,4,,1,60,female,,"13,224.69",1,,,3,4,,3,,
468,1,0,0,1,0,,53,female,0,4,,1,56,female,,"12,643.38",2,,,2,1,,1,,
469,0,2,3,2,3,,47,female,0,3,,0,28,female,,"23,288.93",1,,,2,4,,2,,
470,0,0,0,0,1,,29,male,0,1,,1,18,female,,"2,201.10",2,,,1,4,,2,,
471,0,0,0,1,1,,28,male,1,3,,1,27,male,,"2,497.04",3,,,2,4,,2,,
472,0,2,1,3,1,,31,female,0,3,,0,18,female,,"2,203.47",1,,,2,2,,2,,
473,0,0,0,0,0,,58,female,1,2,,1,19,female,,"1,744.47",2,,,4,4,,3,,
474,0,0,1,2,1,,51,female,1,2,,1,47,female,,"20,878.78",1,,,4,2,,2,,
475,1,0,0,1,0,,48,male,1,2,,1,54,male,,"25,382.30",3,,,2,3,,1,,
476,1,0,0,2,1,,43,female,1,1,,1,61,male,,"28,868.66",2,,,2,4,,3,,
477,1,0,0,1,1,,34,male,1,4,,1,24,male,,"35,147.53",1,,,3,3,,1,,
478,0,0,0,1,0,,52,male,1,4,,1,25,male,,"2,534.39",2,,,4,1,,1,,
479,1,0,4,1,1,,37,female,1,2,,0,21,male,,"1,534.30",2,,,4,1,,1,,
480,0,0,2,2,3,,54,male,1,2,,0,23,male,,"1,824.29",2,,,2,3,,2,,
481,0,0,0,1,1,,58,male,1,3,,1,63,male,,"15,555.19",3,,,2,2,,3,,
482,0,1,0,1,3,,35,female,1,2,,0,49,male,,"9,304.70",2,,,4,1,,1,,
483,0,0,1,1,1,,42,female,0,1,,1,18,female,,"1,622.19",3,,,1,2,,2,,
484,1,0,0,1,2,,40,female,0,3,,1,51,female,,"9,880.07",3,,,2,5,,1,,
485,0,3,0,2,5,,52,female,1,1,,1,48,male,,"9,563.03",3,,,4,2,,1,,
486,0,1,0,1,3,,51,female,1,1,,0,31,female,,"4,347.02",2,,,2,1,,1,,
487,0,4,2,3,4,,50,male,1,4,,1,54,female,,"12,475.35",1,,,1,1,,1,,
488,1,0,4,1,4,,35,male,0,3,,1,19,male,,"1,253.94",1,,,2,2,,3,,
489,1,2,2,1,3,,44,female,0,3,,0,44,female,,"48,885.14",2,,,4,4,,1,,
490,0,1,0,1,3,,47,male,1,3,,1,53,male,,"10,461.98",3,,,2,2,,2,,
491,1,2,2,1,1,,53,male,1,2,,1,19,female,,"1,748.77",3,,,4,1,,3,,
492,1,0,1,0,1,,53,male,0,4,,0,61,female,,"24,513.09",3,,,1,2,,3,,
493,0,0,0,1,0,,44,male,1,3,,1,18,female,,"2,196.47",3,,,4,2,,1,,
494,0,0,0,0,1,,52,female,1,1,,1,61,male,,"12,574.05",2,,,2,1,,1,,
495,1,0,0,1,1,,46,female,1,3,,1,21,male,,"17,942.11",2,,,1,1,,1,,
496,0,0,0,0,1,,47,female,1,2,,1,20,male,,"1,967.02",2,,,1,2,,3,,
497,0,3,0,4,2,,48,male,1,2,,1,31,female,,"4,931.65",3,,,3,4,,3,,
498,1,2,1,1,0,,59,male,0,3,,0,45,male,,"8,027.97",1,,,4,2,,1,,
499,0,0,1,1,0,,35,male,1,4,,1,44,female,,"8,211.10",1,,,4,2,,2,,
500,0,0,0,1,3,,45,female,0,4,,1,62,female,,"13,470.86",2,,,4,3,,2,,
501,1,1,0,1,0,,53,male,0,3,,1,29,male,,"36,197.70",2,,,1,1,,1,,
502,0,2,0,2,3,,57,male,0,3,,1,43,male,,"6,837.37",3,,,3,1,,2,,
503,1,0,0,1,0,,28,male,1,3,,1,51,male,,"22,218.11",3,,,1,2,,2,,
504,1,0,0,1,1,,48,male,1,2,,1,19,male,,"32,548.34",2,,,1,3,,2,,
505,1,0,0,1,0,,39,female,0,1,,1,38,female,,"5,974.38",1,,,4,3,,1,,
506,0,0,0,0,0,,41,female,0,1,,0,37,male,,"6,796.86",3,,,4,1,,2,,
507,0,0,2,1,3,,48,male,1,2,,0,22,male,,"2,643.27",3,,,1,1,,2,,
508,0,0,0,1,1,,50,male,1,2,,1,21,male,,"3,077.10",3,,,1,2,,2,,
509,0,0,1,2,1,,32,female,0,3,,0,24,female,,"3,044.21",3,,,1,1,,2,,
510,0,0,0,1,0,,29,female,1,3,,1,57,female,,"11,455.28",2,,,3,2,,3,,
511,1,0,1,0,1,,41,male,1,2,,1,41,male,,"11,763.00",2,,,4,1,,1,,
512,0,2,0,1,3,,57,male,1,1,,1,27,male,,"2,498.41",2,,,2,1,,2,,
513,1,1,0,1,0,,49,male,0,1,,1,51,male,,"9,361.33",2,,,3,3,,2,,
514,0,0,1,1,1,,58,female,0,2,,1,19,male,,"1,256.30",2,,,2,1,,2,,
515,1,3,0,1,1,,52,male,1,2,,0,39,male,,"21,082.16",3,,,4,4,,1,,
516,0,0,0,1,0,,32,male,1,2,,0,58,male,,"11,362.76",1,,,2,1,,1,,
517,1,3,1,2,1,,55,female,1,1,,1,20,male,,"27,724.29",3,,,1,1,,1,,
518,0,0,0,0,1,,41,female,1,1,,0,45,male,,"8,413.46",1,,,3,1,,1,,
519,0,0,0,1,0,,30,female,1,3,,1,35,female,,"5,240.77",3,,,4,1,,2,,
520,0,2,0,3,1,,30,female,1,3,,1,31,male,,"3,857.76",2,,,2,2,,1,,
521,0,0,0,1,0,,38,male,1,2,,1,50,female,,"25,656.58",2,,,2,1,,1,,
522,1,0,0,1,1,,53,male,0,2,,1,32,female,,"3,994.18",2,,,2,2,,2,,
523,0,0,0,1,1,,44,male,1,3,,0,51,female,,"9,866.30",2,,,4,2,,1,,
524,1,2,0,1,1,,51,male,0,1,,0,38,female,,"5,397.62",1,,,2,3,,2,,
525,1,0,0,1,0,,35,male,0,3,,1,42,male,,"38,245.59",2,,,1,4,,3,,
526,0,2,1,1,1,,57,male,1,4,,1,18,female,,"11,482.63",2,,,4,2,,2,,
527,1,0,0,1,0,,39,female,1,2,,0,39,female,,"24,059.68",1,,,1,1,,1,,
528,0,0,0,0,1,,54,male,0,1,,1,51,female,,"9,861.03",2,,,1,1,,1,,
529,0,2,0,3,1,,54,male,0,2,,1,46,male,,"8,342.91",2,,,2,1,,3,,
530,1,3,0,1,0,,33,male,0,2,,0,18,male,,"1,708.00",3,,,2,1,,1,,
531,1,3,0,2,3,,28,female,1,4,,1,57,male,,"48,675.52",2,,,4,2,,2,,
532,0,1,0,1,1,,44,female,0,2,,1,62,female,,"14,043.48",1,,,4,3,,1,,
533,1,1,0,1,0,,44,male,1,1,,0,59,male,,"12,925.89",1,,,4,1,,2,,
534,0,0,0,1,1,,53,male,0,1,,1,37,male,,"19,214.71",3,,,1,1,,1,,
535,0,1,2,2,3,,41,male,0,1,,1,64,male,,"13,831.12",3,,,3,2,,1,,
536,0,0,0,1,1,,45,male,0,2,,1,38,male,,"6,067.13",1,,,2,3,,1,,
537,0,0,2,1,1,,47,male,1,3,,1,33,female,,"5,972.38",2,,,2,2,,2,,
538,0,1,0,1,0,,33,male,1,2,,0,46,female,,"8,825.09",3,,,2,5,,2,,
539,0,0,0,1,1,,54,male,1,2,,1,46,female,,"8,233.10",3,,,4,1,,2,,
540,0,0,0,1,0,,40,female,0,1,,0,53,male,,"27,346.04",1,,,4,1,,1,,
541,0,0,0,1,1,,56,male,1,3,,1,34,female,,"6,196.45",2,,,2,3,,1,,
542,0,0,0,1,0,,49,male,1,3,,1,20,female,,"3,056.39",3,,,4,5,,2,,
543,0,1,0,1,2,,53,male,0,2,,1,63,female,,"13,887.20",1,,,3,1,,3,,
544,1,2,0,2,1,,38,male,1,4,,1,54,female,,"63,770.43",3,,,2,1,,1,,
545,0,0,2,0,2,,51,female,1,1,,0,54,male,,"10,231.50",2,,,2,4,,2,,
546,1,0,1,1,1,,42,female,0,1,,1,49,male,,"23,807.24",2,,,4,2,,2,,
547,0,1,0,2,1,,48,female,1,3,,0,28,male,,"3,268.85",3,,,3,4,,2,,
548,0,0,0,1,0,,53,female,0,2,,0,54,female,,"11,538.42",2,,,3,2,,2,,
549,0,1,0,1,2,,41,male,1,4,,0,25,female,,"3,213.62",2,,,2,4,,1,,
550,1,0,0,1,1,,42,female,0,4,,1,43,female,,"45,863.21",2,,,2,2,,3,,
551,0,0,0,1,1,,39,female,1,2,,1,63,male,,"13,390.56",1,,,1,2,,1,,
552,0,1,0,1,3,,40,female,1,3,,0,32,female,,"3,972.92",3,,,2,3,,2,,
553,0,0,0,0,1,,51,female,0,3,,1,62,male,,"12,957.12",1,,,4,3,,2,,
554,0,0,0,1,0,,30,male,1,2,,1,52,female,,"11,187.66",2,,,2,1,,3,,
555,1,0,3,0,1,,57,female,0,3,,0,25,female,,"17,878.90",2,,,3,1,,2,,
556,0,0,0,1,0,,56,male,1,1,,1,28,male,,"3,847.67",3,,,4,2,,2,,
557,0,1,0,1,2,,53,female,0,3,,1,46,male,,"8,334.59",2,,,3,1,,2,,
558,1,3,1,0,2,,29,female,1,3,,0,34,male,,"3,935.18",2,,,2,2,,2,,
559,1,1,0,1,1,,54,male,1,3,,1,35,female,,"39,983.43",2,,,1,2,,1,,
560,0,0,1,0,0,,30,female,0,2,,0,19,male,,"1,646.43",2,,,2,1,,3,,
561,1,1,0,1,1,,34,male,1,1,,1,46,female,,"9,193.84",2,,,3,4,,2,,
562,0,2,1,1,0,,41,female,1,2,,1,54,female,,"10,923.93",1,,,2,2,,1,,
563,0,1,0,0,0,,55,male,1,1,,1,27,male,,"2,494.02",2,,,2,1,,1,,
564,1,0,0,1,0,,39,female,1,2,,1,50,male,,"9,058.73",1,,,2,1,,3,,
565,1,0,0,2,0,,37,male,1,3,,1,18,female,,"2,801.26",2,,,3,4,,1,,
566,0,4,0,4,2,,59,male,0,2,,1,19,female,,"2,128.43",1,,,4,2,,1,,
567,0,0,2,1,2,,54,female,0,4,,1,38,female,,"6,373.56",3,,,2,1,,2,,
568,0,0,0,1,1,,52,female,1,2,,1,41,male,,"7,256.72",2,,,1,1,,2,,
569,0,0,3,0,4,,51,male,0,2,,1,49,female,,"11,552.90",2,,,2,1,,2,,
570,1,0,0,0,1,,36,male,0,3,,1,48,male,,"45,702.02",3,,,3,3,,3,,
571,0,1,3,1,4,,49,male,0,4,,1,31,female,,"3,761.29",2,,,1,1,,3,,
572,0,0,0,1,1,,49,male,0,2,,1,18,female,,"2,219.45",2,,,3,5,,1,,
573,0,2,0,2,1,,40,female,1,2,,0,30,female,,"4,753.64",2,,,2,2,,1,,
574,0,0,0,0,0,,29,male,1,2,,0,62,female,,"31,620.00",2,,,4,2,,1,,
575,0,4,1,3,4,,47,male,0,3,,0,57,female,,"13,224.06",1,,,3,1,,1,,
576,1,0,2,1,1,,48,female,1,2,,1,58,female,,"12,222.90",1,,,1,1,,1,,
577,0,0,2,2,3,,32,male,1,2,,1,22,male,,"1,665.00",3,,,1,1,,3,,
578,1,1,0,2,2,,55,male,1,2,,0,31,female,,"58,571.07",2,,,2,3,,1,,
579,0,2,0,1,3,,30,female,1,1,,0,52,male,,"9,724.53",3,,,3,1,,3,,
580,0,3,1,2,3,,36,male,1,2,,1,25,female,,"3,206.49",1,,,3,1,,1,,
581,0,1,0,2,3,,31,female,1,1,,1,59,male,,"12,913.99",3,,,3,1,,1,,
582,0,0,2,2,4,,44,male,0,2,,1,19,male,,"1,639.56",3,,,2,4,,2,,
583,0,0,2,2,3,,41,female,1,2,,1,39,male,,"6,356.27",1,,,2,3,,2,,
584,0,0,0,1,1,,35,female,1,3,,1,32,female,,"17,626.24",3,,,4,3,,2,,
585,1,0,1,0,1,,37,male,1,3,,1,19,male,,"1,242.82",3,,,1,2,,2,,
586,0,0,0,1,2,,52,female,1,3,,0,33,female,,"4,779.60",2,,,4,1,,1,,
587,0,3,2,1,1,,54,male,0,3,,1,21,male,,"3,861.21",2,,,3,2,,1,,
588,1,4,1,2,2,,46,female,0,2,,0,34,female,,"43,943.88",1,,,4,4,,2,,
589,0,0,0,2,0,,30,female,0,3,,1,61,female,,"13,635.64",3,,,3,4,,1,,
590,0,0,0,1,1,,39,male,1,2,,0,38,female,,"5,976.83",3,,,3,2,,3,,
591,0,0,0,1,0,,52,male,1,3,,1,58,female,,"11,842.44",3,,,2,2,,1,,
592,0,0,0,1,1,,40,female,1,2,,1,47,male,,"8,428.07",3,,,2,1,,1,,
593,0,0,0,1,0,,56,female,1,1,,0,20,male,,"2,566.47",3,,,2,2,,3,,
594,1,3,0,1,1,,57,female,0,3,,1,21,female,,"15,359.10",2,,,3,5,,3,,
595,0,4,0,3,3,,35,male,1,2,,0,41,male,,"5,709.16",2,,,3,1,,2,,
596,0,0,0,1,0,,30,female,1,3,,1,46,female,,"8,823.99",1,,,4,1,,3,,
597,0,4,2,2,4,,30,male,1,2,,1,42,female,,"7,640.31",3,,,1,4,,3,,
598,0,0,0,1,0,,58,male,1,3,,0,34,female,,"5,594.85",3,,,4,1,,2,,
599,1,5,0,1,1,,39,female,1,1,,0,43,male,,"7,441.50",1,,,2,2,,1,,
600,0,0,0,1,1,,43,female,1,1,,1,52,female,,"33,471.97",3,,,3,3,,2,,
601,1,0,0,1,1,,52,female,0,1,,1,18,female,,"1,633.04",1,,,3,1,,1,,
602,0,0,0,1,0,,52,male,1,2,,0,51,male,,"9,174.14",2,,,4,2,,2,,
603,0,2,3,3,3,,41,female,0,3,,1,56,female,,"11,070.54",2,,,3,4,,2,,
604,0,0,0,1,1,,47,female,0,3,,1,64,female,,"16,085.13",2,,,2,2,,3,,
605,1,0,0,0,0,,39,male,1,2,,0,19,female,,"17,468.98",3,,,2,1,,3,,
606,0,0,0,0,0,,41,male,1,1,,1,51,female,,"9,283.56",2,,,2,3,,1,,
607,0,0,1,1,1,,30,male,0,1,,1,27,female,,"3,558.62",3,,,3,1,,3,,
608,1,0,2,2,3,,36,female,1,3,,1,59,female,,"25,678.78",2,,,4,2,,2,,
609,0,0,4,2,4,,37,female,0,3,,0,28,male,,"4,435.09",3,,,1,1,,1,,
610,1,1,3,2,3,,31,female,1,4,,0,30,male,,"39,241.44",2,,,2,2,,3,,
611,0,0,0,3,0,,55,male,0,1,,1,47,female,,"8,547.69",3,,,2,2,,1,,
612,0,0,0,3,1,,54,female,1,2,,1,38,female,,"6,571.54",1,,,3,5,,1,,
613,0,0,2,1,1,,43,male,1,4,,1,18,female,,"2,207.70",3,,,4,2,,2,,
614,0,0,0,0,0,,51,male,0,3,,1,34,female,,"6,753.04",3,,,3,1,,3,,
615,1,0,2,0,0,,33,male,1,3,,1,20,female,,"1,880.07",3,,,1,2,,3,,
616,1,0,0,1,0,,38,male,1,2,,0,38,female,,"11,654.18",2,,,4,2,,3,,
617,0,0,2,2,1,,56,female,1,4,,1,56,female,,"11,658.12",3,,,2,5,,1,,
618,1,0,0,1,0,,58,female,1,2,,1,49,male,,"23,306.55",2,,,1,3,,2,,
619,1,1,2,3,3,,36,female,1,3,,1,19,female,,"34,439.86",1,,,4,1,,2,,
620,0,1,0,1,3,,46,female,0,1,,1,55,female,,"10,713.64",3,,,4,4,,1,,
621,0,0,0,1,2,,53,male,0,3,,1,30,male,,"3,659.35",1,,,2,4,,1,,
622,1,1,0,0,1,,36,female,0,3,,1,37,male,,"40,182.25",3,,,3,4,,3,,
623,0,3,2,4,4,,34,male,0,2,,1,49,female,,"9,182.17",3,,,4,1,,3,,
624,1,1,0,1,0,,56,male,0,4,,1,18,male,,"34,617.84",3,,,4,2,,3,,
625,0,0,0,1,0,,29,male,1,4,,1,59,male,,"12,129.61",3,,,2,2,,1,,
626,0,0,3,2,2,,29,female,0,3,,1,29,female,,"3,736.46",2,,,4,3,,3,,
627,0,0,0,1,0,,31,female,1,1,,1,36,male,,"6,748.59",2,,,1,1,,1,,
628,0,0,0,0,1,,33,male,0,3,,0,33,male,,"11,326.71",2,,,4,2,,2,,
629,0,2,1,1,5,,49,male,1,4,,0,58,male,,"11,365.95",2,,,4,2,,1,,
630,1,4,0,1,1,,50,male,1,3,,1,44,female,,"42,983.46",2,,,3,1,,2,,
631,1,3,0,1,1,,37,female,0,1,,1,53,male,,"10,085.85",1,,,2,1,,2,,
632,0,0,0,0,1,,42,male,1,2,,1,24,male,,"1,977.82",2,,,4,1,,2,,
633,0,1,0,1,1,,30,male,1,3,,0,29,female,,"3,366.67",2,,,2,1,,2,,
634,1,0,0,1,0,,46,female,1,2,,0,40,male,,"7,173.36",3,,,4,3,,1,,
635,0,2,2,0,3,,44,female,1,2,,1,51,male,,"9,391.35",1,,,4,1,,1,,
636,1,0,2,1,0,,48,female,0,2,,1,64,male,,"14,410.93",3,,,4,4,,3,,
637,0,2,0,1,1,,49,female,0,1,,1,19,female,,"2,709.11",3,,,4,4,,3,,
638,0,0,2,3,1,,35,female,1,2,,1,35,female,,"24,915.05",2,,,4,4,,2,,
639,1,0,0,0,1,,30,male,1,4,,1,39,male,,"20,149.32",3,,,2,2,,1,,
640,0,3,0,3,2,,36,male,1,2,,1,56,male,,"12,949.16",3,,,3,2,,1,,
641,0,0,0,1,1,,49,female,1,1,,1,33,male,,"6,666.24",1,,,3,1,,1,,
642,1,0,0,1,0,,39,female,1,4,,1,42,male,,"32,787.46",2,,,4,3,,2,,
643,0,0,0,0,1,,52,male,1,4,,1,61,male,,"13,143.86",2,,,4,3,,3,,
644,0,1,0,2,5,,34,female,1,3,,1,23,female,,"4,466.62",2,,,2,1,,2,,
645,0,0,0,1,1,,58,male,1,3,,1,43,male,,"18,806.15",2,,,2,1,,2,,
646,0,1,0,1,0,,29,female,0,3,,1,48,male,,"10,141.14",1,,,3,1,,2,,
647,0,0,0,0,0,,55,male,1,3,,0,39,male,,"6,123.57",1,,,1,2,,3,,
648,0,1,0,1,1,,29,female,1,2,,1,40,female,,"8,252.28",2,,,4,1,,2,,
649,1,0,3,2,1,,58,male,1,3,,1,18,male,,"1,712.23",2,,,3,3,,1,,
650,0,0,0,1,0,,39,female,1,2,,0,58,female,,"12,430.95",3,,,1,3,,3,,
651,0,0,0,1,1,,44,female,1,3,,0,49,female,,"9,800.89",2,,,2,2,,3,,
652,0,2,0,2,3,,55,female,0,2,,1,53,female,,"10,579.71",2,,,2,1,,2,,
653,0,3,1,2,3,,45,female,0,3,,0,48,female,,"8,280.62",2,,,2,1,,2,,
654,0,1,0,0,1,,40,male,0,1,,1,45,female,,"8,527.53",1,,,2,1,,1,,
655,0,0,0,1,1,,46,male,0,4,,0,59,female,,"12,244.53",3,,,4,4,,2,,
656,1,0,0,3,0,,45,female,1,3,,1,52,female,,"24,667.42",3,,,4,2,,1,,
657,0,1,0,1,3,,31,female,1,1,,1,26,female,,"3,410.32",2,,,3,3,,2,,
658,0,0,2,3,2,,31,female,1,2,,1,27,male,,"4,058.71",2,,,1,4,,3,,
659,0,0,0,0,1,,37,female,1,3,,1,48,female,,"26,392.26",1,,,2,1,,2,,
660,0,2,0,2,1,,57,female,1,4,,1,57,female,,"14,394.40",2,,,2,1,,3,,
661,0,1,0,2,1,,35,female,0,3,,0,37,male,,"6,435.62",3,,,4,1,,1,,
662,0,0,0,1,1,,51,female,1,2,,1,57,female,,"22,192.44",1,,,4,3,,2,,
663,0,0,0,0,3,,48,male,1,2,,1,32,female,,"5,148.55",2,,,4,2,,2,,
664,0,3,1,2,1,,49,male,1,3,,0,18,male,,"1,136.40",3,,,2,4,,2,,
665,1,0,0,0,1,,49,female,1,1,,1,64,female,,"27,037.91",1,,,1,1,,1,,
666,1,0,0,1,0,,33,male,1,1,,1,43,male,,"42,560.43",1,,,4,3,,1,,
667,0,1,0,1,1,,42,female,1,2,,1,49,male,,"8,703.46",3,,,4,2,,2,,
668,1,1,0,2,1,,54,female,1,1,,0,40,female,,"40,003.33",3,,,1,5,,2,,
669,1,0,2,3,3,,42,female,1,4,,1,62,male,,"45,710.21",2,,,2,3,,3,,
670,0,1,1,1,1,,32,male,1,1,,1,40,female,,"6,500.24",3,,,2,1,,2,,
671,0,0,0,1,0,,35,female,0,2,,0,30,male,,"4,837.58",3,,,3,1,,3,,
672,0,2,0,1,1,,49,female,1,3,,0,29,female,,"3,943.60",1,,,2,2,,2,,
673,0,1,0,1,0,,49,male,0,1,,0,36,male,,"4,399.73",2,,,2,2,,3,,
674,0,0,0,0,0,,37,female,0,3,,1,41,female,,"6,185.32",1,,,3,1,,1,,
675,1,0,0,1,0,,35,female,1,1,,1,44,female,,"46,200.99",2,,,3,2,,2,,
676,0,0,3,0,1,,37,male,0,1,,0,45,male,,"7,222.79",2,,,2,1,,3,,
677,0,1,0,2,1,,47,female,1,4,,1,55,female,,"12,485.80",3,,,2,4,,1,,
678,1,2,1,1,0,,36,female,1,3,,1,60,male,,"46,130.53",3,,,4,3,,2,,
679,0,0,0,1,0,,45,male,1,2,,1,56,male,,"12,363.55",2,,,4,1,,3,,
680,0,0,0,1,1,,42,male,1,2,,1,49,female,,"10,156.78",2,,,2,1,,2,,
681,0,2,2,0,3,,32,male,0,2,,1,21,female,,"2,585.27",3,,,2,3,,2,,
682,0,0,0,1,0,,50,male,0,1,,0,19,male,,"1,242.26",3,,,1,1,,2,,
683,1,0,0,1,2,,48,female,1,1,,1,39,male,,"40,103.89",3,,,2,4,,2,,
684,0,0,0,1,2,,52,female,0,2,,1,53,male,,"9,863.47",2,,,2,2,,3,,
685,0,0,0,1,3,,35,female,0,1,,1,33,female,,"4,766.02",3,,,2,2,,3,,
686,0,0,0,1,2,,58,male,0,2,,1,53,male,,"11,244.38",1,,,2,4,,3,,
687,0,0,0,0,0,,29,female,1,1,,1,42,male,,"7,729.65",2,,,2,2,,3,,
688,0,1,0,1,1,,36,female,1,1,,0,40,male,,"5,438.75",3,,,2,2,,3,,
689,0,1,0,3,1,,56,male,0,2,,1,47,female,,"26,236.58",2,,,2,1,,1,,
690,1,3,0,3,0,,38,male,1,1,,1,27,male,,"34,806.47",1,,,2,2,,1,,
691,0,0,0,1,1,,47,male,1,3,,1,21,male,,"2,104.11",2,,,4,2,,2,,
692,0,0,0,1,1,,53,male,1,4,,1,47,male,,"8,068.19",3,,,1,5,,1,,
693,0,0,0,1,1,,34,female,1,3,,0,20,male,,"2,362.23",2,,,1,1,,2,,
694,0,0,0,1,0,,48,female,0,1,,1,24,male,,"2,352.97",3,,,1,1,,2,,
695,0,0,0,0,1,,51,male,0,2,,1,27,female,,"3,578.00",3,,,1,1,,1,,
696,0,0,0,1,1,,39,female,0,1,,1,26,female,,"3,201.25",3,,,2,1,,2,,
697,0,0,0,0,1,,36,female,0,3,,1,53,female,,"29,186.48",3,,,1,1,,2,,
698,1,2,0,0,0,,58,female,1,2,,1,41,male,,"40,273.65",2,,,3,2,,3,,
699,0,0,0,4,1,,40,male,0,1,,1,56,male,,"10,976.25",3,,,3,2,,1,,
700,0,0,0,0,0,,39,male,0,1,,0,23,female,,"3,500.61",1,,,2,1,,3,,
701,0,0,0,1,1,,59,male,0,1,,1,21,female,,"2,020.55",3,,,3,2,,2,,
702,0,0,0,0,1,,54,female,1,4,,0,50,female,,"9,541.70",2,,,2,3,,2,,
703,0,0,0,1,1,,54,male,1,4,,1,53,male,,"9,504.31",2,,,2,1,,1,,
704,0,1,0,1,2,,30,female,1,2,,1,34,female,,"5,385.34",3,,,1,4,,3,,
705,1,2,0,1,1,,49,male,0,1,,0,47,female,,"8,930.93",3,,,2,1,,3,,
706,0,0,0,1,0,,35,female,1,2,,0,33,female,,"5,375.04",2,,,3,2,,3,,
707,1,0,0,5,0,,50,male,1,2,,0,51,female,,"44,400.41",1,,,4,1,,2,,
708,0,2,0,0,1,,50,male,1,4,,1,49,male,,"10,264.44",3,,,3,2,,3,,
709,1,2,0,1,0,,51,female,1,1,,1,31,female,,"6,113.23",3,,,4,2,,2,,
710,0,0,0,1,3,,48,male,1,3,,1,36,female,,"5,469.01",3,,,4,1,,3,,
711,0,1,1,2,3,,34,male,1,2,,1,18,male,,"1,727.54",3,,,2,1,,2,,
712,0,0,0,1,3,,55,female,1,2,,1,50,female,,"10,107.22",3,,,4,4,,3,,
713,0,0,2,1,2,,36,male,1,1,,0,43,female,,"8,310.84",1,,,4,2,,2,,
714,0,0,3,1,1,,38,male,0,2,,1,20,male,,"1,984.45",3,,,2,2,,1,,
715,0,1,0,1,2,,44,female,1,4,,1,24,female,,"2,457.50",1,,,2,3,,1,,
716,0,2,0,3,2,,34,female,1,2,,1,60,male,,"12,146.97",2,,,1,3,,1,,
717,0,2,1,0,2,,43,female,0,2,,1,49,female,,"9,566.99",2,,,3,2,,3,,
718,0,0,0,0,0,,54,female,0,2,,0,60,male,,"13,112.60",3,,,2,3,,3,,
719,0,0,3,4,3,,31,female,0,2,,1,51,female,,"10,848.13",1,,,4,2,,3,,
720,0,0,0,1,1,,36,female,0,1,,1,58,female,,"12,231.61",3,,,4,5,,1,,
721,0,0,4,2,3,,45,female,1,4,,1,51,female,,"9,875.68",1,,,1,1,,2,,
722,0,0,0,1,0,,48,male,1,3,,1,53,male,,"11,264.54",3,,,4,4,,3,,
723,0,0,0,1,1,,43,male,1,3,,1,62,male,,"12,979.36",2,,,4,1,,3,,
724,0,0,1,1,0,,44,female,1,1,,0,19,male,,"1,263.25",3,,,4,3,,2,,
725,0,0,2,1,1,,28,male,1,2,,0,50,female,,"10,106.13",3,,,2,1,,1,,
726,1,1,3,2,3,,56,male,1,4,,1,30,female,,"40,932.43",2,,,3,1,,1,,
727,1,2,0,1,0,,34,male,1,3,,1,41,male,,"6,664.69",1,,,2,3,,2,,
728,1,2,0,1,1,,54,male,1,2,,1,29,female,,"16,657.72",3,,,1,2,,2,,
729,0,0,0,1,0,,54,male,1,3,,1,18,female,,"2,217.60",2,,,4,1,,2,,
730,0,0,1,1,0,,57,male,1,2,,1,41,female,,"6,781.35",2,,,2,2,,2,,
731,1,1,1,1,4,,54,male,1,1,,0,35,male,,"19,362.00",3,,,4,4,,2,,
732,0,0,1,0,1,,33,female,0,1,,1,53,male,,"10,065.41",3,,,2,4,,1,,
733,0,0,0,1,0,,36,female,0,1,,0,24,female,,"4,234.93",3,,,3,4,,2,,
734,0,0,0,0,0,,42,male,1,4,,1,48,female,,"9,447.25",3,,,3,3,,2,,
735,0,0,1,0,2,,42,female,1,1,,1,59,female,,"14,007.22",2,,,4,1,,2,,
736,0,0,0,1,1,,34,male,1,4,,1,49,female,,"9,583.89",1,,,2,2,,2,,
737,1,0,1,0,1,,58,female,1,1,,1,37,female,,"40,419.02",2,,,3,1,,2,,
738,0,0,0,0,1,,54,female,1,1,,0,26,male,,"3,484.33",2,,,3,4,,3,,
739,1,2,1,1,0,,48,male,1,3,,1,23,male,,"36,189.10",2,,,4,2,,2,,
740,1,0,0,1,1,,54,female,1,1,,0,29,male,,"44,585.46",2,,,2,1,,2,,
741,0,1,1,0,1,,55,female,1,1,,1,45,male,,"8,604.48",1,,,4,3,,3,,
742,1,3,0,3,1,,47,female,0,3,,1,22,male,,"18,246.50",3,,,3,1,,1,,
743,1,3,0,1,2,,50,female,0,1,,1,53,male,,"43,254.42",2,,,2,4,,2,,
744,0,0,0,1,0,,59,female,1,2,,0,31,female,,"3,757.84",1,,,4,1,,1,,
745,1,3,2,0,2,,56,female,0,2,,1,50,male,,"8,827.21",1,,,4,2,,2,,
746,0,0,0,1,1,,56,female,1,2,,1,50,female,,"9,910.36",2,,,4,1,,3,,
747,0,0,0,0,0,,45,female,0,2,,0,34,male,,"11,737.85",1,,,1,3,,2,,
748,0,0,1,1,2,,31,female,0,3,,1,19,male,,"1,627.28",1,,,4,2,,2,,
749,0,1,0,1,0,,57,female,0,3,,1,47,female,,"8,556.91",2,,,4,1,,2,,
750,0,1,1,3,1,,50,female,1,2,,1,28,male,,"3,062.51",2,,,1,2,,2,,
751,1,3,0,1,2,,52,female,1,4,,1,37,female,,"19,539.24",3,,,4,2,,1,,
752,1,2,0,2,4,,38,male,0,2,,1,21,male,,"1,906.36",1,,,1,4,,2,,
753,0,0,0,1,0,,36,male,1,4,,0,64,male,,"14,210.54",1,,,2,1,,2,,
754,0,0,0,1,1,,30,female,1,2,,1,58,female,,"11,833.78",1,,,1,2,,2,,
755,0,1,1,1,2,,52,female,0,2,,1,24,male,,"17,128.43",2,,,3,1,,1,,
756,0,0,0,1,1,,41,female,1,2,,1,31,male,,"5,031.27",2,,,2,2,,2,,
757,1,3,1,1,1,,55,female,1,3,,0,39,female,,"7,985.82",2,,,3,2,,3,,
758,1,0,0,1,1,,35,male,1,1,,1,47,female,,"23,065.42",1,,,4,3,,1,,
759,0,0,0,0,1,,56,male,1,1,,1,30,male,,"5,428.73",2,,,4,1,,2,,
760,1,4,0,2,1,,37,male,0,2,,1,18,male,,"36,307.80",3,,,4,1,,1,,
761,0,0,4,1,0,,48,male,0,3,,1,22,female,,"3,925.76",1,,,3,5,,2,,
762,0,3,5,3,2,,42,female,0,2,,1,23,male,,"2,416.96",2,,,1,3,,2,,
763,1,0,0,3,0,,29,female,0,3,,1,33,male,,"19,040.88",3,,,2,1,,1,,
764,0,1,0,1,0,,47,male,0,4,,1,27,male,,"3,070.81",1,,,2,3,,2,,
765,0,1,0,1,0,,31,female,0,2,,1,45,female,,"9,095.07",2,,,2,2,,1,,
766,0,0,4,3,1,,48,male,1,1,,1,57,female,,"11,842.62",1,,,3,2,,2,,
767,0,0,0,1,0,,59,female,0,3,,1,47,male,,"8,062.76",2,,,2,3,,3,,
768,0,1,0,1,1,,50,female,0,2,,1,42,female,,"7,050.64",2,,,1,4,,2,,
769,0,0,2,3,2,,59,male,1,3,,0,64,female,,"14,319.03",1,,,2,5,,3,,
770,0,3,0,3,2,,44,male,0,3,,1,38,female,,"6,933.24",2,,,3,2,,1,,
771,0,0,3,3,1,,39,female,0,2,,1,61,male,,"27,941.29",3,,,1,1,,3,,
772,0,0,0,1,2,,43,male,0,2,,1,53,female,,"11,150.78",3,,,1,3,,2,,
773,1,2,2,1,0,,34,male,0,4,,1,44,female,,"12,797.21",1,,,4,1,,1,,
774,1,1,0,1,1,,38,male,1,1,,1,19,female,,"17,748.51",1,,,3,1,,2,,
775,0,0,0,1,1,,56,female,1,3,,1,41,male,,"7,261.74",2,,,3,1,,2,,
776,0,0,0,1,1,,30,male,1,1,,1,51,male,,"10,560.49",1,,,2,2,,2,,
777,0,0,0,1,1,,45,male,1,1,,1,40,male,,"6,986.70",2,,,1,2,,1,,
778,0,0,0,1,0,,40,female,1,3,,1,45,male,,"7,448.40",3,,,4,1,,3,,
779,0,0,5,1,4,,29,female,1,3,,0,35,male,,"5,934.38",3,,,2,1,,2,,
780,0,0,0,0,1,,47,male,1,3,,1,53,male,,"9,869.81",3,,,2,1,,3,,
781,1,0,0,1,0,,35,male,1,4,,0,30,male,,"18,259.22",1,,,1,2,,3,,
782,0,1,4,1,3,,43,female,0,4,,0,18,male,,"1,146.80",2,,,4,1,,2,,
783,0,0,0,5,0,,46,male,0,1,,0,51,male,,"9,386.16",2,,,2,4,,1,,
784,1,0,2,4,1,,39,female,1,1,,1,50,female,,"24,520.26",2,,,4,3,,1,,
785,0,0,0,1,0,,48,female,1,4,,0,31,female,,"4,350.51",2,,,3,2,,3,,
786,0,0,0,3,1,,51,female,0,4,,1,35,female,,"6,414.18",3,,,1,2,,2,,
787,1,3,2,1,3,,44,female,1,2,,1,60,male,,"12,741.17",2,,,4,2,,2,,
788,1,1,0,0,0,,57,male,0,2,,1,21,male,,"1,917.32",3,,,4,4,,1,,
789,0,2,0,1,1,,49,male,1,1,,0,29,male,,"5,209.58",1,,,4,3,,2,,
790,1,0,0,0,0,,58,male,1,2,,0,62,female,,"13,457.96",1,,,4,4,,3,,
791,0,1,0,1,1,,28,female,0,1,,0,39,female,,"5,662.23",3,,,4,5,,2,,
792,0,1,0,1,0,,52,male,0,2,,1,19,male,,"1,252.41",3,,,4,4,,2,,
793,0,0,2,1,0,,29,male,0,3,,1,22,female,,"2,731.91",3,,,3,5,,2,,
794,1,0,0,3,1,,45,female,1,2,,0,53,male,,"21,195.82",2,,,4,1,,3,,
795,0,1,1,1,1,,41,male,1,3,,1,39,female,,"7,209.49",2,,,1,2,,1,,
796,1,2,0,1,3,,49,male,0,2,,1,27,male,,"18,310.74",2,,,4,3,,3,,
797,0,0,0,1,0,,54,male,0,4,,0,30,male,,"4,266.17",2,,,4,3,,1,,
798,0,0,0,1,0,,43,female,0,1,,1,30,female,,"4,719.52",2,,,4,1,,2,,
799,0,3,0,1,2,,32,male,1,1,,1,58,female,,"11,848.14",2,,,3,2,,1,,
800,1,0,0,1,1,,49,male,1,3,,1,33,male,,"17,904.53",1,,,4,4,,3,,
801,0,0,0,1,0,,35,male,1,1,,0,42,female,,"7,046.72",3,,,3,5,,1,,
802,0,0,0,1,1,,42,female,1,1,,1,64,female,,"14,313.85",3,,,4,2,,1,,
803,0,0,0,0,1,,54,female,1,2,,1,21,male,,"2,103.08",2,,,4,1,,1,,
804,1,0,0,1,0,,39,female,0,2,,0,18,female,,"38,792.69",3,,,2,3,,3,,
805,0,0,0,1,1,,54,male,1,3,,1,23,male,,"1,815.88",2,,,2,1,,1,,
806,0,0,0,0,2,,35,female,1,1,,1,45,female,,"7,731.86",1,,,4,5,,1,,
807,0,3,0,1,3,,45,male,1,2,,1,40,female,,"28,476.73",2,,,1,1,,1,,
808,0,1,5,1,5,,52,female,1,2,,1,19,female,,"2,136.88",3,,,4,4,,2,,
809,0,0,0,0,1,,37,male,1,3,,1,18,male,,"1,131.51",2,,,4,1,,3,,
810,0,1,0,3,0,,39,male,1,4,,0,25,male,,"3,309.79",3,,,3,1,,2,,
811,1,3,1,1,0,,50,female,1,4,,0,46,female,,"9,414.92",3,,,3,1,,2,,
812,0,0,3,1,5,,45,female,1,2,,1,33,female,,"6,360.99",2,,,4,3,,1,,
813,1,4,0,1,1,,37,female,1,2,,1,54,male,,"11,013.71",3,,,1,3,,2,,
814,0,0,1,3,3,,49,male,0,4,,1,28,male,,"4,428.89",2,,,3,1,,3,,
815,0,1,0,0,2,,37,female,1,1,,1,36,male,,"5,584.31",2,,,4,2,,1,,
816,0,0,2,1,2,,32,male,0,2,,1,20,female,,"1,877.93",2,,,1,1,,2,,
817,1,1,2,1,1,,47,male,1,3,,0,24,female,,"2,842.76",1,,,4,2,,2,,
818,1,4,0,1,1,,37,female,1,1,,0,23,male,,"3,597.60",2,,,4,1,,2,,
819,1,1,0,1,3,,46,female,1,2,,1,47,female,,"23,401.31",1,,,4,1,,1,,
820,1,0,1,2,0,,42,male,1,3,,0,33,female,,"55,135.40",3,,,4,1,,2,,
821,0,2,0,2,1,,50,female,1,4,,0,45,male,,"7,445.92",3,,,4,1,,1,,
822,0,0,0,1,1,,39,female,0,3,,1,26,male,,"2,680.95",3,,,1,1,,2,,
823,0,4,0,3,2,,29,female,1,3,,0,18,female,,"1,621.88",2,,,3,4,,3,,
824,0,0,0,1,1,,39,male,0,1,,1,44,female,,"8,219.20",2,,,2,5,,2,,
825,1,0,0,1,1,,38,male,1,4,,0,60,male,,"12,523.60",3,,,2,4,,3,,
826,0,0,0,0,0,,54,female,0,1,,1,64,female,,"16,069.08",3,,,4,4,,2,,
827,1,0,0,5,0,,33,male,0,3,,0,56,male,,"43,813.87",2,,,2,1,,2,,
828,1,0,0,1,0,,36,male,1,2,,0,36,male,,"20,773.63",1,,,4,1,,2,,
829,1,3,0,1,0,,38,male,1,1,,1,41,male,,"39,597.41",3,,,1,2,,1,,
830,1,2,1,1,0,,50,female,0,3,,0,39,male,,"6,117.49",3,,,4,2,,2,,
831,0,0,0,1,1,,44,female,1,2,,1,63,male,,"13,393.76",2,,,1,1,,3,,
832,0,0,0,1,1,,36,female,1,3,,0,36,female,,"5,266.37",1,,,3,1,,2,,
833,0,0,0,1,0,,54,female,0,2,,0,28,female,,"4,719.74",2,,,2,1,,2,,
834,0,1,0,1,1,,33,female,1,3,,0,58,male,,"11,743.93",1,,,2,1,,1,,
835,1,0,0,1,1,,46,female,1,2,,1,36,male,,"5,377.46",3,,,3,1,,1,,
836,1,0,0,1,0,,52,male,0,1,,0,42,male,,"7,160.33",3,,,4,5,,3,,
837,0,0,0,1,0,,35,female,1,2,,0,36,male,,"4,402.23",1,,,2,2,,2,,
838,0,0,1,1,1,,46,male,0,3,,1,56,female,,"11,657.72",2,,,2,1,,1,,
839,0,1,0,0,1,,34,female,0,2,,1,35,female,,"6,402.29",2,,,4,1,,1,,
840,0,0,1,1,1,,41,male,1,2,,1,59,female,,"12,622.18",1,,,2,4,,2,,
841,0,0,0,3,0,,59,female,0,3,,0,21,male,,"1,526.31",1,,,4,1,,2,,
842,0,3,1,5,1,,31,female,1,2,,1,59,male,,"12,323.94",2,,,4,2,,1,,
843,1,4,0,3,2,,42,male,0,2,,1,23,female,,"36,021.01",2,,,3,5,,3,,
844,1,0,0,1,1,,53,female,0,1,,1,57,female,,"27,533.91",2,,,1,1,,3,,
845,0,0,2,2,1,,33,male,1,2,,0,53,male,,"10,072.06",3,,,3,4,,3,,
846,1,0,0,1,0,,52,male,1,2,,0,60,female,,"45,008.96",2,,,3,3,,2,,
847,0,0,2,1,3,,35,female,0,3,,1,51,female,,"9,872.70",3,,,3,2,,3,,
848,0,2,0,1,3,,47,female,1,4,,1,23,male,,"2,438.06",2,,,1,1,,3,,
849,0,0,1,1,0,,54,female,1,3,,1,27,female,,"2,974.13",3,,,3,1,,2,,
850,1,0,0,1,2,,30,female,0,1,,1,55,male,,"10,601.63",3,,,3,4,,3,,
851,1,0,0,1,2,,31,female,1,2,,1,37,female,,"37,270.15",2,,,1,2,,2,,
852,0,0,1,3,1,,56,female,1,2,,0,61,male,,"14,119.62",3,,,1,3,,3,,
853,1,3,0,0,1,,33,female,1,1,,0,46,female,,"42,111.66",1,,,1,1,,2,,
854,0,0,0,5,1,,52,female,0,2,,1,53,female,,"11,729.68",1,,,1,1,,2,,
855,1,0,0,5,1,,30,female,1,3,,1,49,female,,"24,106.91",3,,,1,2,,2,,
856,0,1,0,5,2,,38,female,0,4,,1,20,female,,"1,875.34",1,,,1,1,,3,,
857,1,1,1,0,2,,50,male,1,3,,1,48,female,,"40,974.16",2,,,4,1,,1,,
858,1,4,0,4,1,,32,male,1,1,,0,25,male,,"15,817.99",2,,,3,5,,1,,
859,0,4,0,4,1,,54,female,1,3,,1,25,female,,"18,218.16",2,,,2,1,,3,,
860,1,0,4,1,0,,43,male,1,3,,1,57,male,,"10,965.45",3,,,2,1,,2,,
861,1,0,0,1,5,,40,male,1,4,,1,37,female,,"46,113.51",2,,,2,1,,1,,
862,0,0,0,1,2,,46,female,1,1,,1,38,female,,"7,151.09",2,,,4,1,,2,,
863,0,2,0,3,3,,29,male,0,2,,1,55,female,,"12,269.69",2,,,4,2,,1,,
864,0,1,0,1,1,,58,male,0,3,,1,36,female,,"5,458.05",3,,,4,1,,1,,
865,0,0,3,1,3,,45,male,1,3,,1,51,male,,"8,782.47",2,,,2,1,,2,,
866,0,3,1,3,1,,52,female,1,1,,1,40,male,,"6,600.36",2,,,2,4,,2,,
867,0,0,1,5,4,,39,female,0,1,,1,18,male,,"1,141.45",2,,,4,2,,3,,
868,0,1,2,1,1,,36,male,1,2,,1,57,male,,"11,576.13",2,,,4,2,,1,,
869,0,0,0,0,0,,53,male,1,3,,0,61,male,,"13,129.60",1,,,3,2,,2,,
870,0,2,0,3,1,,57,male,1,2,,1,25,female,,"4,391.65",2,,,2,2,,3,,
871,0,0,0,3,0,,36,male,0,3,,1,50,male,,"8,457.82",2,,,1,2,,3,,
872,1,4,0,3,1,,36,female,1,4,,0,26,female,,"3,392.37",2,,,2,1,,2,,
873,0,1,0,1,1,,57,female,0,3,,1,42,male,,"5,966.89",2,,,2,4,,2,,
874,0,0,0,1,0,,45,female,1,3,,0,43,male,,"6,849.03",2,,,3,1,,1,,
875,0,0,0,2,0,,55,male,0,4,,0,44,male,,"8,891.14",3,,,4,1,,2,,
876,0,1,0,1,0,,48,male,0,3,,1,23,female,,"2,690.11",1,,,4,4,,2,,
877,0,0,0,0,0,,33,female,1,3,,0,49,female,,"26,140.36",2,,,4,2,,3,,
878,0,0,1,3,1,,58,male,0,2,,1,33,male,,"6,653.79",3,,,4,2,,3,,
879,0,0,2,1,3,,39,female,0,3,,0,41,male,,"6,282.24",3,,,2,2,,1,,
880,0,0,1,1,0,,36,female,0,4,,1,37,female,,"6,311.95",3,,,4,3,,2,,
881,0,1,0,0,2,,32,female,1,3,,1,22,male,,"3,443.06",1,,,4,1,,2,,
882,0,2,0,1,1,,45,female,0,3,,1,23,male,,"2,789.06",2,,,1,1,,1,,
883,0,0,0,1,1,,38,female,1,1,,1,21,female,,"2,585.85",2,,,4,1,,1,,
884,1,2,4,1,3,,36,female,1,2,,0,51,female,,"46,255.11",3,,,2,1,,2,,
885,0,0,0,0,0,,41,female,1,1,,1,25,male,,"4,877.98",3,,,4,4,,3,,
886,1,2,0,2,1,,28,female,1,4,,1,32,male,,"19,719.69",3,,,1,1,,3,,
887,1,3,0,1,1,,48,female,0,1,,1,57,male,,"27,218.44",1,,,3,2,,2,,
888,0,1,0,2,0,,41,male,1,1,,0,36,female,,"5,272.18",2,,,1,4,,2,,
889,0,0,0,1,4,,48,male,0,3,,1,22,male,,"1,682.60",3,,,2,4,,2,,
890,0,1,0,1,0,,36,female,1,2,,0,57,male,,"11,945.13",2,,,2,4,,3,,
891,1,0,0,0,0,,44,male,0,3,,0,64,female,,"29,330.98",3,,,1,3,,2,,
892,0,1,0,1,0,,37,male,1,4,,0,36,female,,"7,243.81",2,,,2,2,,3,,
893,0,1,0,1,1,,47,male,1,3,,1,54,male,,"10,422.92",2,,,2,2,,2,,
894,1,0,2,1,1,,53,male,1,4,,1,47,male,,"44,202.65",1,,,2,3,,2,,
895,0,0,0,1,1,,28,female,1,3,,1,62,male,,"13,555.00",2,,,2,1,,1,,
896,0,0,1,3,0,,50,female,0,2,,1,61,female,,"13,063.88",3,,,3,4,,1,,
897,1,0,0,0,2,,33,male,1,3,,1,43,female,,"19,798.05",3,,,3,2,,1,,
898,0,0,1,2,0,,53,female,1,3,,0,19,male,,"2,221.56",3,,,4,2,,3,,
899,0,0,0,1,3,,56,male,1,2,,1,18,female,,"1,634.57",3,,,3,1,,2,,
900,0,0,2,3,1,,40,female,0,3,,1,19,female,,"2,117.34",1,,,2,3,,1,,
901,0,0,0,1,1,,33,male,0,1,,1,49,male,,"8,688.86",2,,,1,1,,2,,
902,1,0,0,0,1,,48,male,0,2,,1,60,male,,"48,673.56",1,,,3,2,,1,,
903,0,0,2,2,2,,57,female,0,2,,0,26,male,,"4,661.29",1,,,4,1,,2,,
904,0,0,2,4,0,,49,male,1,2,,0,49,male,,"8,125.78",2,,,4,2,,2,,
905,0,1,0,1,1,,43,male,1,2,,0,60,female,,"12,644.59",2,,,2,1,,3,,
906,1,3,2,2,1,,53,male,0,3,,1,26,female,,"4,564.19",2,,,2,2,,1,,
907,1,0,0,0,0,,27,male,1,3,,0,27,male,,"4,846.92",3,,,2,2,,3,,
908,0,0,0,1,0,,47,female,1,2,,0,44,female,,"7,633.72",3,,,2,2,,1,,
909,0,0,2,3,1,,54,female,0,4,,1,63,male,,"15,170.07",2,,,2,3,,2,,
910,1,1,0,1,2,,45,male,0,1,,0,32,female,,"17,496.31",1,,,2,3,,1,,
911,0,0,0,0,0,,33,female,1,2,,1,22,male,,"2,639.04",1,,,2,5,,2,,
912,1,2,4,1,0,,51,male,1,2,,0,18,male,,"33,732.69",2,,,2,3,,2,,
913,0,0,1,1,1,,36,male,1,1,,1,59,female,,"14,382.71",3,,,4,2,,2,,
914,0,0,0,1,0,,44,female,0,2,,0,44,female,,"7,626.99",3,,,4,2,,2,,
915,0,0,0,1,0,,38,female,0,2,,1,33,male,,"5,257.51",1,,,2,4,,3,,
916,0,1,0,1,1,,52,male,1,4,,1,24,female,,"2,473.33",2,,,1,3,,1,,
917,1,3,0,1,0,,48,male,0,3,,0,43,female,,"21,774.32",2,,,2,4,,3,,
918,1,0,2,0,2,,30,male,0,1,,1,30,male,,"35,069.37",3,,,3,3,,1,,
919,0,0,1,1,0,,54,female,1,1,,0,61,female,,"13,041.92",1,,,4,1,,2,,
920,0,0,1,3,1,,34,male,1,3,,1,35,female,,"5,245.23",1,,,3,3,,3,,
921,0,0,2,0,0,,50,male,0,3,,0,62,female,,"13,451.12",3,,,1,1,,1,,
922,0,0,0,0,1,,47,female,0,4,,1,62,female,,"13,462.52",2,,,1,3,,2,,
923,0,0,2,1,1,,36,female,1,4,,1,38,male,,"5,488.26",3,,,3,3,,1,,
924,0,0,3,0,1,,51,male,0,2,,1,34,male,,"4,320.41",2,,,2,1,,2,,
925,1,3,0,1,1,,32,female,1,3,,1,43,male,,"6,250.44",1,,,3,1,,1,,
926,1,2,2,0,2,,39,male,0,2,,1,50,male,,"25,333.33",2,,,4,4,,2,,
927,0,0,0,1,0,,58,male,0,1,,0,19,female,,"2,913.57",1,,,2,4,,1,,
928,0,1,2,1,1,,34,male,1,2,,1,57,female,,"12,032.33",3,,,2,3,,2,,
929,1,0,1,3,4,,33,female,1,1,,1,62,female,,"13,470.80",3,,,4,1,,1,,
930,0,2,0,3,1,,33,female,1,3,,1,41,male,,"6,289.75",2,,,1,5,,1,,
931,0,0,0,1,0,,58,female,0,1,,1,26,male,,"2,927.06",2,,,1,2,,3,,
932,0,0,1,1,1,,36,female,1,3,,1,39,female,,"6,238.30",1,,,4,1,,1,,
933,0,0,1,2,0,,43,female,1,1,,0,46,male,,"10,096.97",2,,,4,4,,1,,
934,0,0,2,1,0,,48,female,1,1,,0,45,female,,"7,348.14",3,,,3,3,,3,,
935,0,2,0,1,1,,37,female,0,1,,1,32,male,,"4,673.39",2,,,4,2,,2,,
936,0,0,0,0,0,,40,male,1,3,,1,59,female,,"12,233.83",1,,,2,2,,1,,
937,1,3,1,1,1,,52,male,1,3,,1,44,male,,"32,108.66",1,,,4,2,,1,,
938,0,0,0,1,1,,39,female,0,1,,1,39,female,,"8,965.80",3,,,2,3,,1,,
939,1,3,0,0,1,,33,female,1,1,,1,18,male,,"2,304.00",3,,,4,3,,2,,
940,0,0,2,3,1,,46,female,1,1,,1,53,male,,"9,487.64",3,,,2,4,,3,,
941,0,0,0,4,1,,43,male,1,3,,1,18,male,,"1,121.87",2,,,3,3,,1,,
942,0,1,0,3,2,,45,female,1,3,,1,50,female,,"9,549.57",2,,,2,3,,3,,
943,0,0,1,1,1,,56,male,1,2,,1,18,female,,"2,217.47",2,,,2,3,,2,,
944,0,1,0,2,1,,48,female,1,4,,1,19,male,,"1,628.47",3,,,2,1,,1,,
945,0,0,0,1,3,,47,female,0,4,,1,62,male,,"12,982.87",1,,,1,3,,1,,
946,0,0,0,1,1,,49,male,0,3,,1,56,female,,"11,674.13",2,,,2,4,,1,,
947,0,2,2,3,2,,53,female,1,4,,0,42,male,,"7,160.09",1,,,4,1,,2,,
948,1,0,2,1,2,,55,male,1,3,,1,37,male,,"39,047.29",2,,,4,3,,3,,
949,0,0,3,3,4,,57,male,1,2,,1,42,male,,"6,358.78",2,,,4,1,,3,,
950,1,3,0,3,0,,45,female,1,2,,1,25,male,,"19,933.46",3,,,4,3,,2,,
951,0,0,0,3,2,,56,female,1,3,,1,57,male,,"11,534.87",1,,,2,1,,1,,
952,1,0,0,1,2,,44,male,1,4,,1,44,male,,"47,462.89",3,,,4,1,,2,,
953,0,0,0,1,0,,45,female,1,4,,1,30,female,,"4,527.18",1,,,2,1,,2,,
954,1,3,0,1,2,,33,female,0,1,,1,44,male,,"38,998.55",1,,,4,1,,2,,
955,1,0,3,3,1,,35,female,1,3,,1,34,male,,"20,009.63",2,,,3,1,,3,,
956,0,0,0,3,1,,57,male,0,2,,1,31,male,,"3,875.73",3,,,1,1,,3,,
957,1,0,0,1,1,,34,female,1,2,,1,54,male,,"41,999.52",1,,,3,5,,2,,
958,0,0,1,1,1,,30,female,0,3,,1,24,male,,"12,609.89",1,,,2,4,,2,,
959,1,0,0,1,1,,42,female,1,4,,1,43,male,,"41,034.22",2,,,2,1,,1,,
960,0,0,0,1,0,,45,male,1,3,,1,48,male,,"28,468.92",2,,,4,2,,2,,
961,0,4,0,1,4,,58,male,1,3,,1,19,female,,"2,730.11",2,,,3,2,,3,,
962,0,0,0,0,1,,38,female,0,2,,1,29,female,,"3,353.28",3,,,3,4,,2,,
963,0,0,1,1,3,,42,male,1,1,,1,63,female,,"14,474.68",3,,,4,2,,3,,
964,0,0,1,0,0,,38,female,0,4,,0,46,male,,"9,500.57",2,,,2,1,,2,,
965,1,3,0,1,0,,31,male,1,1,,0,52,male,,"26,467.10",1,,,4,5,,2,,
966,1,2,1,0,1,,53,male,1,4,,0,53,male,,"4,746.34",1,,,4,3,,1,,
967,1,0,4,1,3,,43,female,1,2,,1,51,male,,"23,967.38",2,,,1,2,,3,,
968,0,1,0,1,5,,53,male,0,3,,1,44,male,,"7,518.03",3,,,1,1,,1,,
969,0,0,0,3,1,,37,male,1,3,,1,21,male,,"3,279.87",3,,,2,3,,1,,
970,0,0,1,4,3,,58,male,1,2,,1,39,female,,"8,596.83",2,,,2,4,,1,,
971,0,0,3,3,2,,53,male,0,1,,0,50,female,,"10,702.64",2,,,1,3,,1,,
972,0,1,0,1,1,,42,female,0,1,,1,34,female,,"4,992.38",1,,,4,4,,1,,
973,0,0,1,1,0,,29,female,0,4,,1,22,female,,"2,527.82",1,,,1,1,,1,,
974,0,0,0,1,1,,35,male,1,2,,1,19,female,,"1,759.34",1,,,4,2,,3,,
975,0,2,0,0,1,,36,female,1,3,,1,26,male,,"2,322.62",2,,,2,1,,1,,
976,1,1,1,0,0,,58,male,1,3,,0,29,male,,"16,138.76",3,,,4,1,,2,,
977,0,0,0,0,0,,35,female,0,4,,0,48,male,,"7,804.16",2,,,3,1,,3,,
978,0,0,2,3,1,,47,male,1,4,,1,26,male,,"2,902.91",2,,,4,1,,3,,
979,0,0,2,3,2,,33,female,1,1,,1,45,female,,"9,704.67",1,,,4,1,,3,,
980,1,3,0,3,0,,37,female,1,3,,0,36,female,,"4,889.04",3,,,1,4,,2,,
981,0,0,0,1,1,,52,male,1,2,,1,54,male,,"25,517.11",1,,,4,1,,2,,
982,0,0,0,3,1,,48,male,1,1,,1,34,male,,"4,500.34",3,,,2,2,,3,,
983,1,0,0,1,0,,49,female,0,4,,0,31,male,,"19,199.94",1,,,2,4,,3,,
984,0,0,0,0,1,,42,female,0,4,,1,27,female,,"16,796.41",2,,,1,2,,1,,
985,0,2,0,1,1,,28,male,0,3,,1,20,male,,"4,915.06",3,,,3,2,,2,,
986,0,0,0,1,1,,36,male,0,1,,1,44,female,,"7,624.63",2,,,2,2,,2,,
987,1,3,0,0,2,,46,female,1,2,,1,43,male,,"8,410.05",2,,,3,4,,2,,
988,1,0,0,1,1,,36,female,1,2,,1,45,female,,"28,340.19",2,,,1,2,,2,,
989,0,0,0,1,1,,56,male,0,1,,1,34,male,,"4,518.83",2,,,2,2,,2,,
990,1,0,0,0,0,,29,female,0,3,,0,24,female,,"14,571.89",2,,,2,2,,1,,
991,0,0,0,1,0,,29,female,1,1,,0,26,female,,"3,378.91",1,,,2,3,,2,,
992,0,1,0,3,1,,47,female,1,2,,1,38,female,,"7,144.86",3,,,2,2,,1,,
993,1,0,4,1,2,,37,male,1,3,,1,50,female,,"10,118.42",1,,,1,1,,2,,
994,1,0,1,3,0,,49,female,1,2,,1,38,male,,"5,484.47",2,,,3,1,,2,,
995,1,0,0,1,1,,34,male,1,3,,0,27,female,,"16,420.49",2,,,2,2,,1,,
996,0,1,0,0,1,,49,male,1,3,,1,39,female,,"7,986.48",2,,,2,3,,3,,
997,1,3,0,1,2,,32,male,0,1,,1,39,female,,"7,418.52",1,,,2,1,,2,,
998,0,0,1,2,2,,33,male,1,1,,1,63,female,,"13,887.97",3,,,3,4,,3,,
999,0,0,3,1,3,,42,female,1,3,,1,33,female,,"6,551.75",3,,,4,5,,2,,
1000,1,0,3,1,0,,55,male,1,1,,0,36,female,,"5,267.82",1,,,2,4,,2,,
1001,1,0,0,5,0,,30,male,0,2,,1,30,male,,"17,361.77",3,,,3,2,,2,,
1002,1,0,0,1,0,,51,male,1,1,,1,24,male,,"34,472.84",2,,,3,2,,2,,
1003,0,0,1,1,0,,43,male,1,2,,0,24,male,,"1,972.95",2,,,4,1,,1,,
1004,1,0,3,1,0,,41,male,1,2,,1,48,male,,"21,232.18",2,,,3,2,,2,,
1005,0,2,0,1,5,,33,female,0,4,,1,47,male,,"8,627.54",1,,,2,5,,3,,
1006,0,0,0,5,0,,40,male,0,1,,1,29,male,,"4,433.39",2,,,4,4,,3,,
1007,0,0,0,3,0,,41,male,1,3,,1,41,male,,"4,438.26",3,,,2,1,,1,,
1008,1,0,0,1,1,,31,female,1,3,,0,47,male,,"24,915.22",2,,,1,4,,1,,
1009,1,2,0,3,0,,31,male,1,3,,1,25,male,,"23,241.47",3,,,4,1,,2,,
1010,0,0,0,1,1,,42,male,0,3,,1,42,male,,"9,957.72",1,,,2,2,,2,,
1011,1,0,5,0,3,,42,male,0,2,,1,48,female,,"8,269.04",2,,,4,2,,3,,
1012,1,0,0,1,1,,42,female,1,2,,0,43,male,,"18,767.74",3,,,3,1,,2,,
1013,0,2,0,3,5,,37,male,0,2,,1,61,female,,"36,580.28",1,,,3,2,,1,,
1014,0,0,0,1,3,,34,female,0,3,,1,48,male,,"8,765.25",1,,,1,5,,1,,
1015,1,0,0,1,1,,45,male,1,2,,0,38,female,,"5,383.54",2,,,1,2,,2,,
1016,0,1,2,1,1,,33,male,1,3,,1,59,male,,"12,124.99",1,,,4,2,,3,,
1017,0,0,0,1,1,,56,male,1,2,,1,19,female,,"2,709.24",2,,,1,2,,2,,
1018,0,0,0,1,1,,31,male,1,3,,1,26,female,,"3,987.93",3,,,2,3,,3,,
1019,0,1,0,1,1,,37,female,0,2,,1,54,female,,"12,495.29",3,,,3,1,,1,,
1020,0,0,0,1,0,,37,female,0,1,,1,21,female,,"26,018.95",3,,,3,5,,3,,
1021,0,1,0,1,0,,50,female,1,3,,0,51,male,,"8,798.59",3,,,2,5,,1,,
1022,1,0,0,1,1,,31,male,1,1,,1,30,female,,"35,595.59",1,,,1,4,,2,,
1023,1,0,0,0,1,,32,female,0,2,,1,47,male,,"42,211.14",3,,,2,1,,2,,
1024,0,0,0,1,1,,57,female,1,3,,1,18,male,,"1,711.03",1,,,4,3,,1,,
1025,0,0,0,1,1,,31,female,0,1,,1,47,female,,"8,569.86",3,,,4,3,,3,,
1026,0,0,2,1,1,,51,female,0,1,,1,21,female,,"2,020.18",2,,,1,1,,2,,
1027,1,0,0,1,1,,45,male,1,3,,1,19,male,,"16,450.89",3,,,3,1,,1,,
1028,0,0,0,1,1,,31,male,1,1,,0,23,male,,"21,595.38",3,,,4,2,,2,,
1029,0,2,0,2,1,,39,male,1,2,,1,54,male,,"9,850.43",3,,,2,1,,2,,
1030,0,2,1,2,1,,47,male,0,3,,1,37,female,,"6,877.98",2,,,2,3,,2,,
1031,1,1,0,5,0,,41,male,1,2,,1,46,female,,"21,677.28",2,,,1,2,,2,,
1032,1,1,0,1,1,,53,male,1,1,,0,55,female,,"44,423.80",2,,,2,1,,2,,
1033,0,0,0,3,0,,44,female,0,2,,1,30,female,,"4,137.52",3,,,4,4,,1,,
1034,1,1,5,2,3,,33,female,0,4,,0,18,male,,"13,747.87",2,,,4,2,,2,,
1035,1,4,0,1,1,,39,male,1,4,,1,61,male,,"12,950.07",1,,,4,4,,3,,
1036,0,2,0,1,1,,38,male,1,4,,1,54,female,,"12,094.48",1,,,3,3,,2,,
1037,1,0,0,0,0,,33,female,1,1,,0,22,male,,"37,484.45",3,,,2,1,,3,,
1038,1,0,0,1,1,,45,female,1,4,,1,45,female,,"39,725.52",3,,,3,3,,1,,
1039,0,1,0,2,2,,39,female,1,3,,0,22,male,,"2,250.84",2,,,4,1,,3,,
1040,0,0,0,1,1,,42,male,0,2,,1,19,male,,"22,493.66",1,,,3,1,,1,,
1041,1,0,0,1,1,,53,female,0,1,,1,35,female,,"20,234.85",1,,,2,2,,3,,
1042,0,1,0,1,0,,41,male,1,3,,1,18,male,,"1,704.70",3,,,4,2,,2,,
1043,1,0,0,1,0,,36,female,1,3,,1,20,male,,"33,475.82",2,,,2,3,,1,,
1044,0,0,0,1,1,,57,female,1,1,,0,28,female,,"3,161.45",3,,,1,4,,3,,
1045,1,0,4,1,3,,57,male,1,1,,1,55,male,,"11,394.07",3,,,2,3,,1,,
1046,1,0,0,0,0,,45,male,0,2,,1,43,female,,"21,880.82",3,,,4,1,,2,,
1047,0,1,0,1,1,,30,female,0,1,,1,43,female,,"7,325.05",2,,,3,1,,3,,
1048,1,0,0,4,1,,48,female,1,1,,0,22,male,,"44,501.40",3,,,2,1,,2,,
1049,1,3,0,1,1,,41,male,0,1,,1,25,female,,"3,594.17",2,,,4,2,,1,,
1050,1,0,0,1,1,,43,female,0,1,,1,49,male,,"39,727.61",3,,,4,1,,1,,
1051,0,0,0,1,0,,38,male,0,1,,0,44,female,,"8,023.14",3,,,4,3,,3,,
1052,0,0,1,1,1,,44,male,0,3,,1,64,male,,"14,394.56",1,,,2,1,,2,,
1053,0,0,2,1,2,,50,female,1,4,,1,49,male,,"9,288.03",2,,,4,1,,3,,
1054,1,0,2,3,5,,47,male,0,4,,1,47,male,,"25,309.49",3,,,2,4,,2,,
1055,0,0,0,1,1,,40,female,1,3,,0,27,female,,"3,353.47",3,,,1,2,,2,,
1056,0,0,0,1,1,,50,male,1,1,,0,55,male,,"10,594.50",2,,,1,2,,1,,
1057,0,1,1,1,2,,35,female,0,3,,0,48,female,,"8,277.52",3,,,4,1,,3,,
1058,0,0,0,2,1,,40,male,0,1,,1,45,female,,"17,929.30",1,,,2,1,,3,,
1059,1,4,0,1,0,,31,male,1,2,,1,24,female,,"2,480.98",1,,,4,1,,1,,
1060,0,0,0,1,1,,43,male,1,1,,1,32,male,,"4,462.72",2,,,3,1,,2,,
1061,1,0,3,1,0,,55,male,1,3,,0,55,male,,"1,981.58",3,,,2,2,,2,,
1062,1,1,0,1,2,,43,male,1,4,,1,57,male,,"11,554.22",2,,,1,3,,3,,
1063,1,1,0,1,1,,48,female,0,1,,0,59,male,,"48,970.25",2,,,2,5,,2,,
1064,0,0,0,1,2,,57,male,0,3,,1,36,male,,"6,548.20",2,,,1,2,,1,,
1065,0,0,0,1,0,,48,female,0,3,,0,29,female,,"5,708.87",1,,,2,2,,2,,
1066,0,0,0,2,1,,39,female,1,3,,1,42,female,,"7,045.50",3,,,3,3,,2,,
1067,0,2,0,3,1,,48,male,0,1,,1,48,male,,"8,978.19",2,,,1,3,,2,,
1068,0,0,0,1,1,,50,female,0,3,,1,39,male,,"5,757.41",1,,,4,3,,1,,
1069,0,0,0,1,1,,38,female,1,3,,1,63,male,,"14,349.85",2,,,4,2,,2,,
1070,0,0,1,4,1,,52,female,0,3,,1,54,female,,"10,928.85",1,,,4,1,,2,,
1071,1,0,0,3,1,,42,male,1,2,,1,37,male,,"39,871.70",1,,,1,2,,2,,
1072,0,0,0,1,0,,53,male,1,4,,1,63,male,,"13,974.46",1,,,2,1,,1,,
1073,1,1,3,4,0,,46,female,1,4,,1,21,male,,"1,909.53",2,,,3,5,,1,,
1074,0,0,0,4,1,,35,male,1,1,,1,54,female,,"12,096.65",3,,,4,1,,2,,
1075,0,2,0,3,0,,33,female,1,2,,0,60,female,,"13,204.29",2,,,2,1,,3,,
1076,0,0,2,0,1,,45,male,1,1,,0,32,female,,"4,562.84",1,,,2,4,,2,,
1077,0,1,1,1,2,,31,male,0,1,,1,47,female,,"8,551.35",3,,,3,1,,3,,
1078,0,1,0,1,0,,52,female,1,4,,0,21,male,,"2,102.26",3,,,1,1,,3,,
1079,1,3,0,1,1,,29,female,1,1,,1,28,male,,"34,672.15",1,,,4,1,,3,,
1080,0,0,0,1,5,,37,male,1,4,,1,63,male,,"15,161.53",2,,,3,5,,3,,
1081,0,1,0,1,1,,40,female,1,4,,1,18,male,,"11,884.05",2,,,1,2,,1,,
1082,0,0,0,1,0,,55,male,0,2,,1,32,male,,"4,454.40",2,,,3,3,,1,,
1083,0,0,0,1,1,,38,male,1,4,,1,38,male,,"5,855.90",3,,,3,2,,1,,
1084,0,0,0,1,1,,58,female,0,1,,1,32,male,,"4,076.50",2,,,1,2,,3,,
1085,1,2,1,2,0,,31,female,0,2,,1,62,female,,"15,019.76",3,,,2,5,,2,,
1086,1,0,0,1,0,,47,male,0,1,,1,39,female,,"19,023.26",1,,,4,3,,2,,
1087,0,0,1,0,3,,58,male,1,2,,1,55,male,,"10,796.35",2,,,4,2,,2,,
1088,0,2,0,0,0,,57,male,1,2,,1,57,male,,"11,353.23",2,,,4,4,,2,,
1089,1,2,1,1,2,,43,female,0,1,,1,52,male,,"9,748.91",3,,,3,4,,1,,
1090,0,0,0,0,3,,48,male,0,4,,0,56,male,,"10,577.09",3,,,4,5,,2,,
1091,1,0,0,0,1,,54,male,1,3,,1,47,male,,"41,676.08",2,,,2,3,,2,,
1092,0,0,0,1,1,,55,female,1,1,,1,55,female,,"11,286.54",2,,,4,1,,1,,
1093,0,0,0,0,0,,39,female,0,1,,1,23,male,,"3,591.48",1,,,1,2,,3,,
1094,1,0,0,1,0,,32,male,1,2,,1,22,female,,"33,907.55",1,,,3,2,,2,,
1095,1,2,0,1,0,,40,female,1,1,,1,50,female,,"11,299.34",3,,,2,4,,2,,
1096,0,0,0,3,1,,48,male,0,2,,1,18,female,,"4,561.19",3,,,4,1,,1,,
1097,1,3,0,1,1,,55,female,1,3,,1,51,female,,"44,641.20",3,,,2,1,,2,,
1098,0,0,2,1,2,,58,female,1,2,,0,22,male,,"1,674.63",2,,,2,2,,1,,
1099,0,0,0,1,1,,52,female,0,3,,1,52,female,,"23,045.57",1,,,2,2,,2,,
1100,0,0,0,1,0,,55,female,1,2,,1,25,female,,"3,227.12",3,,,3,3,,1,,
1101,1,0,0,0,1,,32,female,1,4,,1,33,female,,"16,776.30",2,,,3,4,,2,,
1102,0,0,0,0,0,,42,male,1,3,,1,53,male,,"11,253.42",3,,,4,2,,2,,
1103,0,0,2,2,2,,32,female,1,4,,1,29,male,,"3,471.41",1,,,2,1,,3,,
1104,0,0,0,0,3,,45,female,1,1,,1,58,male,,"11,363.28",2,,,1,2,,1,,
1105,0,0,1,1,1,,30,female,1,2,,1,37,male,,"20,420.60",1,,,2,4,,2,,
1106,0,2,0,3,2,,46,male,1,2,,1,54,female,,"10,338.93",3,,,2,2,,1,,
1107,0,0,0,2,1,,51,male,0,4,,1,49,female,,"8,988.16",1,,,1,2,,2,,
1108,1,2,0,1,0,,49,male,0,1,,0,50,female,,"10,493.95",3,,,2,4,,1,,
1109,0,0,4,0,1,,31,male,0,3,,1,26,male,,"2,904.09",1,,,2,1,,1,,
1110,0,0,0,1,1,,35,female,0,1,,1,45,male,,"8,605.36",2,,,3,1,,1,,
1111,0,0,2,3,1,,33,female,1,2,,1,33,female,,"11,512.41",3,,,2,3,,1,,
1112,1,0,0,2,3,,49,male,0,1,,1,38,male,,"41,949.24",3,,,2,1,,2,,
1113,1,0,0,1,1,,48,female,0,3,,0,48,female,,"24,180.93",2,,,1,1,,1,,
1114,0,0,1,2,1,,41,male,1,1,,0,28,female,,"5,312.17",3,,,3,4,,3,,
1115,0,0,1,1,2,,38,male,1,3,,0,38,male,,"2,396.10",2,,,2,2,,1,,
1116,0,1,0,1,1,,49,male,1,3,,1,55,male,,"10,807.49",1,,,4,3,,2,,
1117,0,0,3,4,3,,41,male,1,1,,0,41,male,,"9,222.40",1,,,3,2,,1,,
1118,1,0,0,3,1,,58,female,0,1,,0,25,male,,"36,124.57",1,,,2,1,,1,,
1119,1,1,0,1,1,,33,male,0,3,,1,33,male,,"38,282.75",2,,,2,1,,1,,
1120,1,1,0,1,1,,30,female,0,2,,0,30,female,,"5,693.43",3,,,2,1,,2,,
1121,1,1,0,1,0,,53,female,1,1,,1,23,female,,"34,166.27",2,,,2,1,,3,,
1122,0,2,0,3,1,,46,male,0,2,,0,46,male,,"8,347.16",3,,,1,1,,2,,
1123,1,0,0,1,1,,51,female,1,4,,1,53,female,,"46,661.44",3,,,1,2,,1,,
1124,0,1,2,3,2,,31,male,1,4,,0,27,female,,"18,903.49",2,,,2,2,,3,,
1125,1,0,0,1,0,,42,male,0,3,,1,23,female,,"40,904.20",2,,,4,1,,2,,
1126,0,1,0,1,2,,38,male,0,3,,1,63,female,,"14,254.61",2,,,1,2,,1,,
1127,0,0,0,4,1,,50,male,0,3,,1,55,male,,"10,214.64",2,,,2,1,,2,,
1128,0,0,0,0,3,,30,male,1,1,,1,35,female,,"5,836.52",2,,,4,2,,2,,
1129,0,0,1,1,3,,42,male,1,1,,1,34,male,,"14,358.36",3,,,4,2,,3,,
1130,0,1,2,1,4,,38,male,0,3,,0,19,female,,"1,728.90",3,,,4,3,,1,,
1131,0,0,0,1,1,,59,female,0,2,,1,39,female,,"8,582.30",3,,,4,1,,2,,
1132,0,2,0,3,1,,46,male,0,1,,0,27,male,,"3,693.43",2,,,4,3,,3,,
1133,0,2,0,1,2,,39,male,1,1,,1,57,male,,"20,709.02",2,,,3,1,,1,,
1134,0,0,0,1,1,,45,male,0,2,,1,52,female,,"9,991.04",2,,,4,1,,2,,
1135,0,0,0,0,5,,31,female,0,1,,1,28,male,,"19,673.34",1,,,4,1,,2,,
1136,0,1,0,1,0,,50,female,1,3,,1,50,female,,"11,085.59",1,,,1,2,,1,,
1137,0,0,0,2,0,,56,female,1,1,,1,44,female,,"7,623.52",2,,,4,1,,3,,
1138,0,0,0,5,0,,59,male,1,2,,1,26,female,,"3,176.29",2,,,1,1,,2,,
1139,0,0,0,3,0,,32,female,0,1,,1,33,male,,"3,704.35",2,,,1,2,,1,,
1140,1,2,1,2,1,,39,male,0,1,,0,37,female,,"36,898.73",1,,,2,1,,2,,
1141,0,0,0,1,0,,48,female,1,4,,1,50,male,,"9,048.03",3,,,1,1,,3,,
1142,0,0,0,1,0,,51,male,1,4,,0,41,female,,"7,954.52",1,,,4,1,,3,,
1143,0,0,0,1,1,,37,female,0,4,,0,52,female,,"27,117.99",2,,,4,1,,3,,
1144,0,0,0,0,0,,38,male,0,1,,1,39,male,,"6,338.08",3,,,2,1,,1,,
1145,0,0,0,1,1,,37,female,0,2,,0,50,male,,"9,630.40",1,,,4,1,,2,,
1146,0,1,0,1,0,,44,male,1,1,,1,52,male,,"11,289.11",3,,,2,1,,2,,
1147,1,0,0,1,1,,56,female,0,3,,1,60,male,,"52,590.83",3,,,4,5,,3,,
1148,1,3,0,1,1,,58,female,0,2,,1,20,female,,"2,261.57",3,,,2,1,,1,,
1149,0,1,2,1,5,,38,male,0,3,,1,55,male,,"10,791.96",2,,,4,3,,2,,
1150,0,0,1,1,1,,51,female,1,2,,1,42,male,,"5,979.73",3,,,4,3,,1,,
1151,0,0,0,0,1,,28,male,1,2,,1,18,female,,"2,203.74",2,,,4,2,,1,,
1152,0,0,0,0,0,,42,male,0,3,,1,58,female,,"12,235.84",2,,,2,1,,2,,
1153,1,2,0,1,3,,45,female,0,1,,1,43,female,,"40,941.29",3,,,4,1,,1,,
1154,0,1,0,2,0,,35,female,1,2,,0,35,female,,"5,630.46",1,,,2,4,,2,,
1155,0,0,0,1,1,,55,female,0,4,,1,48,female,,"11,015.17",2,,,1,2,,2,,
1156,0,0,1,3,3,,29,female,1,2,,1,29,female,,"7,228.22",2,,,3,2,,2,,
1157,1,1,0,1,1,,50,male,0,4,,1,19,male,,"39,722.75",3,,,4,1,,2,,
1158,0,0,0,1,1,,35,female,1,4,,1,23,female,,"14,426.07",3,,,2,2,,2,,
1159,1,2,0,0,0,,52,female,1,1,,0,20,female,,"2,459.72",3,,,1,2,,2,,
1160,0,0,0,1,2,,54,male,1,2,,0,32,female,,"3,989.84",2,,,4,4,,2,,
1161,0,0,0,1,2,,51,female,0,1,,1,43,female,,"7,727.25",3,,,1,4,,1,,
1162,0,0,0,1,2,,51,male,0,2,,1,34,male,,"5,124.19",3,,,1,1,,3,,
1163,0,1,1,1,3,,38,female,0,1,,1,30,male,,"18,963.17",1,,,3,3,,3,,
1164,0,2,0,1,0,,57,male,0,2,,1,18,female,,"2,200.83",3,,,2,3,,2,,
1165,0,0,3,1,2,,55,female,1,3,,1,41,female,,"7,153.55",3,,,2,3,,2,,
1166,0,0,1,1,1,,56,male,1,1,,0,35,female,,"5,227.99",2,,,4,1,,2,,
1167,0,0,2,1,0,,54,male,0,2,,0,57,male,,"10,982.50",3,,,1,2,,2,,
1168,0,1,0,2,2,,50,male,1,4,,1,29,female,,"4,529.48",1,,,1,3,,3,,
1169,0,1,2,1,3,,56,female,1,4,,0,32,male,,"4,670.64",1,,,2,2,,2,,
1170,0,0,0,1,0,,33,female,0,3,,1,33,female,,"6,112.35",3,,,2,1,,2,,
1171,1,3,1,2,1,,43,female,1,2,,0,18,male,,"17,178.68",2,,,4,3,,2,,
1172,1,1,1,1,1,,37,female,0,2,,1,43,female,,"22,478.60",2,,,3,2,,2,,
1173,0,1,0,1,1,,54,male,1,2,,0,56,female,,"11,093.62",1,,,1,1,,3,,
1174,0,0,0,1,0,,42,male,1,3,,1,38,male,,"6,457.84",3,,,4,4,,3,,
1175,0,0,0,0,1,,28,female,1,3,,1,29,male,,"4,433.92",3,,,3,5,,2,,
1176,0,0,0,1,1,,37,male,0,4,,0,22,female,,"2,154.36",3,,,3,2,,2,,
1177,1,0,0,1,0,,42,female,0,3,,1,52,female,,"23,887.66",3,,,1,1,,1,,
1178,0,0,0,1,0,,54,male,1,2,,1,40,female,,"6,496.89",3,,,1,1,,1,,
1179,1,2,2,1,0,,43,female,1,3,,0,23,female,,"2,899.49",2,,,4,1,,2,,
1180,1,0,2,1,0,,35,female,1,3,,0,31,male,,"19,350.37",2,,,2,2,,2,,
1181,0,1,0,0,0,,32,female,1,1,,1,32,female,,"7,650.77",1,,,1,4,,3,,
1182,0,1,0,1,0,,40,male,0,3,,1,24,female,,"2,850.68",2,,,4,1,,2,,
1183,0,0,0,0,0,,35,male,1,4,,1,25,female,,"2,632.99",2,,,3,1,,2,,
1184,0,0,0,0,2,,34,male,1,1,,1,48,female,,"9,447.38",3,,,4,1,,2,,
1185,1,0,2,0,1,,49,female,1,1,,1,49,female,,"18,328.24",1,,,2,1,,1,,
1186,1,0,2,1,1,,29,male,1,2,,1,45,male,,"8,603.82",2,,,1,2,,2,,
1187,1,0,0,2,3,,30,male,1,3,,1,30,male,,"37,465.34",2,,,2,3,,3,,
1188,0,0,0,0,1,,33,male,1,2,,0,62,female,,"13,844.80",1,,,2,4,,3,,
1189,1,0,0,5,3,,52,male,0,4,,1,43,female,,"21,771.34",2,,,2,3,,1,,
1190,0,0,0,1,2,,45,male,1,3,,0,23,female,,"13,126.68",3,,,3,2,,2,,
1191,1,0,3,0,1,,37,female,0,3,,1,31,female,,"5,327.40",1,,,4,1,,2,,
1192,0,0,0,1,1,,44,female,1,3,,0,41,female,,"13,725.47",2,,,2,1,,2,,
1193,0,0,4,1,0,,58,female,1,3,,1,58,female,,"13,019.16",1,,,2,1,,2,,
1194,0,0,0,1,0,,38,female,1,2,,0,48,female,,"8,671.19",2,,,4,4,,2,,
1195,0,0,3,1,2,,47,male,0,3,,1,31,female,,"4,134.08",3,,,2,2,,2,,
1196,0,3,0,1,1,,58,male,1,2,,0,19,female,,"18,838.70",2,,,1,1,,1,,
1197,1,4,0,1,1,,58,female,0,3,,0,19,female,,"33,307.55",2,,,3,1,,2,,
1198,0,0,0,2,1,,59,female,1,2,,0,41,male,,"5,699.84",1,,,2,4,,1,,
1199,0,0,2,3,1,,40,male,0,3,,1,40,male,,"6,393.60",2,,,3,1,,1,,
1200,1,4,2,0,0,,58,male,1,4,,1,31,female,,"4,934.71",3,,,3,2,,1,,
1201,1,3,0,1,0,,57,male,1,1,,0,37,male,,"6,198.75",1,,,2,1,,2,,
1202,0,3,0,1,1,,46,male,1,3,,1,46,male,,"8,733.23",2,,,2,2,,2,,
1203,0,0,0,5,1,,22,male,0,1,,0,22,male,,"2,055.32",1,,,4,2,,1,,
1204,0,1,0,3,1,,50,male,0,1,,1,51,male,,"9,964.06",2,,,4,2,,3,,
1205,1,0,0,0,3,,56,female,0,4,,0,18,female,,"18,223.45",3,,,2,3,,2,,
1206,0,0,0,1,1,,35,male,0,1,,0,35,male,,"5,116.50",1,,,2,2,,1,,
1207,0,0,0,1,0,,45,female,1,3,,0,59,female,,"36,910.61",2,,,1,2,,3,,
1208,1,3,4,1,1,,42,female,0,2,,1,36,male,,"38,415.47",2,,,3,2,,2,,
1209,1,0,0,1,1,,38,female,0,3,,1,37,female,,"20,296.86",1,,,3,1,,1,,
1210,0,2,0,1,0,,36,male,0,3,,0,59,male,,"12,347.17",2,,,4,2,,1,,
1211,0,2,0,3,3,,59,female,1,3,,0,36,male,,"5,373.36",3,,,3,4,,1,,
1212,0,0,0,5,1,,57,female,1,3,,1,39,male,,"23,563.02",2,,,3,1,,2,,
1213,0,0,1,4,0,,51,female,1,1,,1,18,male,,"1,702.46",2,,,1,1,,1,,
1214,0,1,3,0,0,,40,male,0,4,,1,52,female,,"10,806.84",1,,,2,2,,1,,
1215,0,0,0,3,0,,31,female,0,2,,0,27,female,,"3,956.07",1,,,4,1,,2,,
1216,0,0,2,1,4,,57,female,0,3,,1,18,male,,"12,890.06",1,,,2,2,,1,,
1217,0,0,0,1,1,,57,male,0,1,,0,40,male,,"5,415.66",2,,,2,1,,1,,
1218,0,0,1,1,0,,34,female,1,1,,1,29,male,,"4,058.12",1,,,4,3,,2,,
1219,1,0,0,0,1,,49,male,0,1,,1,46,female,,"41,661.60",1,,,2,3,,1,,
1220,0,0,0,2,1,,28,female,1,1,,0,38,female,,"7,537.16",1,,,4,3,,3,,
1221,0,1,0,2,3,,40,male,1,2,,1,30,female,,"4,718.20",2,,,1,1,,1,,
1222,0,2,0,4,1,,38,male,1,4,,1,40,male,,"6,593.51",1,,,4,2,,2,,
1223,0,0,0,1,0,,28,female,1,2,,1,50,male,,"8,442.67",1,,,2,3,,2,,
1224,1,3,0,1,0,,57,female,0,3,,1,20,female,,"26,125.67",3,,,2,2,,1,,
1225,0,1,0,4,3,,46,male,0,2,,0,41,male,,"6,858.48",3,,,3,3,,3,,
1226,0,0,0,2,0,,29,male,0,3,,0,33,female,,"4,795.66",2,,,4,1,,3,,
1227,0,0,0,1,1,,44,male,0,1,,1,38,male,,"6,640.54",2,,,4,4,,3,,
1228,0,1,0,1,1,,50,female,1,4,,1,42,male,,"7,162.01",2,,,4,4,,3,,
1229,1,2,3,1,1,,33,male,1,1,,1,56,male,,"10,594.23",3,,,1,2,,2,,
1230,0,0,0,1,3,,39,male,1,3,,0,58,male,,"11,938.26",3,,,1,1,,3,,
1231,1,1,0,1,1,,45,male,1,3,,0,52,male,,"60,021.40",2,,,4,4,,3,,
1232,1,2,0,1,1,,50,female,0,3,,0,20,female,,"20,167.34",1,,,4,4,,2,,
1233,1,0,3,1,1,,43,male,0,3,,1,54,female,,"12,479.71",2,,,3,2,,2,,
1234,0,0,2,0,2,,43,male,0,2,,1,58,male,,"11,345.52",1,,,3,1,,2,,
1235,0,0,0,2,0,,34,male,1,3,,1,45,female,,"8,515.76",1,,,3,3,,2,,
1236,1,1,0,2,0,,38,male,1,3,,1,26,male,,"2,699.57",2,,,2,1,,2,,
1237,0,0,0,1,1,,54,female,0,2,,0,63,female,,"14,449.85",1,,,2,4,,1,,
1238,0,0,0,3,0,,39,female,0,3,,1,58,female,,"12,224.35",2,,,2,1,,1,,
1239,0,0,0,0,1,,58,male,1,2,,1,37,male,,"6,985.51",3,,,4,1,,2,,
1240,1,1,2,0,0,,50,female,0,2,,1,50,female,,"3,238.44",2,,,4,3,,2,,
1241,1,1,1,1,3,,58,male,1,4,,1,52,male,,"47,269.85",3,,,3,1,,1,,
1242,1,0,0,1,0,,40,male,0,3,,1,64,male,,"49,577.66",2,,,4,4,,2,,
1243,0,0,0,2,1,,40,male,1,2,,1,22,female,,"4,296.27",2,,,2,4,,2,,
1244,0,0,2,1,1,,28,female,0,2,,1,28,female,,"3,171.61",2,,,2,1,,1,,
1245,0,0,0,3,0,,48,female,1,2,,1,18,male,,"1,135.94",3,,,1,1,,2,,
1246,0,0,1,0,1,,40,male,1,3,,1,28,male,,"5,615.37",3,,,2,2,,1,,
1247,0,0,0,1,1,,50,female,0,1,,1,45,female,,"9,101.80",3,,,2,1,,1,,
1248,0,0,0,3,0,,52,male,1,2,,1,52,male,,"6,059.17",2,,,2,1,,2,,
1249,0,0,0,1,0,,30,female,1,1,,1,18,female,,"1,633.96",2,,,2,2,,1,,
1250,1,0,0,0,3,,40,female,1,1,,1,32,male,,"37,607.53",1,,,2,1,,2,,
1251,1,2,2,3,1,,30,male,0,3,,1,30,male,,"18,648.42",2,,,2,1,,2,,
1252,0,2,0,4,2,,37,male,0,2,,1,19,male,,"1,241.57",2,,,4,2,,2,,
1253,1,0,0,2,0,,40,male,0,1,,0,20,male,,"16,232.85",3,,,4,1,,1,,
1254,0,1,2,1,3,,53,male,1,4,,1,40,female,,"15,828.82",3,,,1,5,,3,,
1255,0,0,4,1,3,,42,female,0,4,,0,34,female,,"4,415.16",2,,,3,1,,2,,
1256,0,0,0,1,0,,39,female,1,2,,1,42,female,,"6,474.01",3,,,2,1,,3,,
1257,0,0,0,1,0,,36,female,0,3,,1,51,female,,"11,436.74",2,,,2,3,,3,,
1258,0,1,0,1,1,,31,male,1,4,,1,54,female,,"11,305.93",3,,,2,1,,2,,
1259,0,0,0,3,1,,55,male,1,3,,0,55,male,,"30,063.58",3,,,2,3,,2,,
1260,0,0,0,3,1,,52,female,0,2,,1,52,female,,"10,197.77",1,,,1,3,,2,,
1261,0,1,0,1,0,,42,female,0,2,,1,32,female,,"4,544.23",2,,,4,3,,3,,
1262,1,3,0,1,1,,31,female,1,3,,1,28,male,,"3,277.16",3,,,4,1,,2,,
1263,0,0,2,1,1,,57,male,1,1,,1,41,female,,"6,770.19",1,,,3,3,,3,,
1264,0,0,2,1,1,,49,male,0,1,,1,43,female,,"7,337.75",2,,,2,2,,1,,
1265,0,0,0,0,1,,46,male,1,4,,1,49,female,,"10,370.91",1,,,1,1,,1,,
1266,1,1,0,0,1,,32,male,0,1,,1,64,male,,"26,926.51",3,,,4,2,,2,,
1267,0,0,0,1,1,,28,male,1,2,,0,55,female,,"10,704.47",2,,,2,5,,1,,
1268,1,2,4,2,3,,43,male,1,3,,1,24,male,,"34,254.05",2,,,2,3,,3,,
1269,1,0,3,1,1,,53,female,1,4,,1,20,female,,"1,880.49",3,,,2,1,,2,,
1270,0,2,0,1,3,,45,male,1,2,,1,45,male,,"8,615.30",2,,,4,4,,2,,
1271,0,0,2,1,0,,45,female,1,2,,0,26,male,,"3,292.53",3,,,2,1,,1,,
1272,0,0,0,1,0,,57,female,1,2,,1,25,female,,"3,021.81",3,,,2,2,,1,,
1273,0,0,0,1,3,,50,male,1,3,,1,43,male,,"14,478.33",2,,,2,3,,2,,
1274,1,3,0,3,1,,30,female,1,3,,1,35,male,,"4,747.05",2,,,3,5,,2,,
1275,1,2,0,1,1,,26,male,0,2,,0,26,male,,"17,043.34",2,,,4,3,,1,,
1276,0,0,0,0,0,,29,female,0,3,,0,57,male,,"10,959.33",3,,,3,1,,1,,
1277,0,0,0,5,3,,50,male,0,3,,1,22,female,,"2,741.95",2,,,4,4,,1,,
1278,0,1,0,1,0,,54,female,1,4,,0,54,female,,"4,357.04",2,,,3,2,,3,,
1279,1,1,0,3,1,,39,male,0,2,,1,39,male,,"22,462.04",1,,,1,2,,1,,
1280,1,0,1,0,1,,52,male,1,4,,1,25,female,,"4,189.11",1,,,3,1,,2,,
1281,0,0,0,3,5,,43,female,0,1,,0,48,female,,"8,283.68",3,,,1,2,,1,,
1282,1,1,0,1,0,,47,female,0,1,,0,47,female,,"24,535.70",3,,,3,1,,3,,
1283,1,2,0,0,1,,49,female,1,1,,1,18,female,,"14,283.46",1,,,3,4,,2,,
1284,0,0,3,0,1,,38,female,1,1,,1,18,male,,"1,720.35",3,,,4,3,,2,,
1285,1,3,2,1,0,,50,female,1,2,,0,61,male,,"47,403.88",3,,,2,3,,3,,
1286,0,1,0,0,0,,50,male,1,2,,0,47,female,,"8,534.67",3,,,4,2,,2,,
1287,0,0,0,0,0,,34,female,1,2,,1,28,female,,"3,732.63",2,,,1,2,,2,,
1288,0,1,0,1,1,,59,male,1,1,,1,36,female,,"5,472.45",2,,,2,1,,2,,
1289,1,0,2,1,0,,34,male,0,1,,0,20,male,,"38,344.57",2,,,1,4,,3,,
1290,0,3,0,5,0,,44,male,0,3,,0,44,male,,"7,147.47",3,,,1,1,,2,,
1291,0,0,0,2,2,,30,male,0,1,,1,38,female,,"7,133.90",3,,,4,1,,1,,
1292,1,0,0,1,3,,52,female,0,2,,1,19,male,,"34,828.65",2,,,1,3,,2,,
1293,0,0,0,0,4,,30,male,0,4,,1,21,male,,"1,515.34",2,,,2,5,,3,,
1294,0,0,0,1,1,,35,male,0,2,,1,46,male,,"9,301.89",2,,,2,1,,2,,
1295,0,0,0,1,0,,55,male,1,2,,0,58,male,,"11,931.13",2,,,4,2,,2,,
1296,0,2,0,1,1,,55,male,0,4,,1,20,male,,"1,964.78",2,,,2,3,,2,,
1297,1,1,1,1,0,,36,female,1,4,,1,18,male,,"1,708.93",2,,,4,3,,3,,
1298,0,0,2,1,1,,47,female,1,1,,1,28,female,,"4,340.44",1,,,4,2,,2,,
1299,0,0,0,0,1,,50,female,0,3,,1,33,male,,"5,261.47",3,,,2,3,,2,,
1300,0,2,0,3,5,,34,male,1,2,,1,19,female,,"2,710.83",3,,,1,1,,1,,
1301,1,4,1,1,1,,31,female,1,1,,1,45,male,,"62,592.87",3,,,1,1,,2,,
1302,1,1,0,0,3,,54,female,0,1,,1,62,male,,"46,718.16",3,,,4,2,,2,,
1303,0,0,0,1,1,,48,male,1,2,,1,25,female,,"3,208.79",1,,,2,1,,1,,
1304,1,0,0,1,0,,40,male,1,4,,0,43,male,,"37,829.72",2,,,2,2,,1,,
1305,1,2,0,1,0,,55,female,1,1,,0,42,male,,"21,259.38",3,,,3,1,,2,,
1306,0,0,2,1,2,,37,female,0,1,,1,24,female,,"2,464.62",3,,,2,5,,1,,
1307,1,0,0,1,0,,41,female,1,2,,0,29,female,,"16,115.30",1,,,4,1,,2,,
1308,1,2,0,1,0,,31,female,1,1,,1,32,male,,"21,472.48",2,,,3,3,,3,,
1309,1,0,0,1,0,,34,male,1,2,,1,25,female,,"33,900.65",1,,,2,1,,1,,
1310,0,0,0,3,0,,38,female,1,2,,0,41,male,,"6,875.96",3,,,4,1,,3,,
1311,0,0,0,3,0,,43,female,1,4,,1,42,male,,"6,940.91",2,,,1,1,,1,,
1312,0,0,2,1,1,,37,female,1,3,,0,33,female,,"4,571.41",3,,,4,1,,2,,
1313,0,1,0,1,1,,46,female,0,3,,1,34,male,,"4,536.26",2,,,4,2,,2,,
1314,1,1,1,3,5,,55,female,1,2,,1,19,female,,"36,397.58",2,,,2,3,,3,,
1315,1,2,0,1,1,,53,female,1,4,,1,30,female,,"18,765.88",1,,,3,3,,3,,
1316,0,0,0,3,0,,43,male,1,1,,1,18,male,,"11,272.33",1,,,4,2,,2,,
1317,0,0,0,0,0,,31,female,0,4,,0,19,female,,"1,731.68",3,,,4,3,,1,,
1318,0,0,2,1,3,,43,male,1,2,,1,18,male,,"1,163.46",2,,,2,1,,3,,
1319,0,0,0,0,1,,34,female,1,2,,1,35,male,,"19,496.72",3,,,1,4,,2,,
1320,1,2,0,0,2,,34,male,1,2,,1,39,female,,"7,201.70",3,,,2,2,,2,,
1321,0,2,0,1,3,,43,male,0,1,,0,31,male,,"5,425.02",2,,,3,2,,1,,
1322,1,2,5,3,1,,28,female,0,4,,1,62,male,,"28,101.33",1,,,1,2,,3,,
1323,0,0,2,0,1,,57,male,1,2,,1,62,male,,"12,981.35",2,,,4,3,,2,,
1324,1,3,0,2,1,,45,female,0,1,,1,42,female,,"43,896.38",2,,,2,2,,2,,
1325,0,0,0,1,1,,52,female,1,2,,1,31,male,,"4,239.89",3,,,4,2,,1,,
1326,0,0,5,3,1,,51,female,0,1,,1,61,male,,"13,143.34",1,,,1,2,,2,,
1327,0,1,0,3,2,,53,male,0,2,,1,42,female,,"7,050.02",3,,,1,1,,1,,
1328,0,0,0,1,1,,44,male,0,3,,1,51,male,,"9,377.90",1,,,3,1,,1,,
1329,0,0,0,1,1,,41,female,1,2,,1,23,female,,"22,395.74",3,,,3,2,,2,,
1330,0,0,0,1,1,,50,female,1,3,,0,52,male,,"10,325.21",3,,,1,1,,1,,
1331,1,3,0,1,0,,49,female,1,1,,0,57,female,,"12,629.17",1,,,4,1,,2,,
1332,0,0,0,1,0,,51,male,1,4,,1,23,female,,"10,795.94",3,,,4,3,,2,,
1333,1,2,0,1,3,,34,male,1,2,,1,30,female,,"11,411.69",2,,,2,2,,3,,
1334,0,0,2,1,0,,49,female,1,3,,1,50,male,,"10,600.55",3,,,4,1,,3,,
1335,0,0,0,1,1,,51,male,1,3,,1,18,female,,"2,205.98",2,,,4,3,,2,,
1336,0,0,1,1,0,,44,male,1,3,,0,18,female,,"1,629.83",2,,,3,2,,2,,
1337,0,1,3,1,2,,46,male,1,4,,0,21,female,,"2,007.95",3,,,1,2,,2,,
1338,1,2,0,0,0,,36,male,1,2,,1,61,female,,"29,141.36",1,,,1,4,,1,,
1339,0,1,0,1,1,,35,female,1,2,,1,34,male,,"8,212.00",2,,,3,1,,3,,
1340,0,0,0,1,0,,34,male,1,4,,1,45,male,,"4,321.11",3,,,2,1,,3,,
1341,0,0,1,1,1,,26,female,1,2,,1,26,female,,"6,321.42",3,,,2,2,,1,,